,etps,ImageName
0,0.0,12_Group_Team_Organized_Group_12_Group_Team_Organized_Group_12_237_means.png
1,1.0,12_Group_Team_Organized_Group_12_Group_Team_Organized_Group_12_664_means.png
2,1.0,12_Group_Group_12_Group_Group_12_134_means.png
3,0.0,12_Group_Large_Group_12_Group_Large_Group_12_33_means.png
4,0.0,12_Group_Team_Organized_Group_12_Group_Team_Organized_Group_12_705_means.png
5,1.0,12_Group_Group_12_Group_Group_12_156_means.png
6,1.0,12_Group_Group_12_Group_Group_12_833_means.png
7,1.0,12_Group_Large_Group_12_Group_Large_Group_12_186_means.png
8,0.0,12_Group_Team_Organized_Group_12_Group_Team_Organized_Group_12_484_means.png
9,0.0,12_Group_Group_12_Group_Group_12_663_means.png
10,0.0,12_Group_Group_12_Group_Group_12_171_means.png
11,0.0,12_Group_Group_12_Group_Group_12_283_means.png
12,0.0,12_Group_Group_12_Group_Group_12_477_means.png
13,1.0,12_Group_Large_Group_12_Group_Large_Group_12_515_means.png
14,0.0,12_Group_Group_12_Group_Group_12_905_means.png
15,1.0,12_Group_Large_Group_12_Group_Large_Group_12_741_means.png
16,0.0,12_Group_Group_12_Group_Group_12_139_means.png
17,1.0,12_Group_Group_12_Group_Group_12_73_means.png
18,0.0,12_Group_Team_Organized_Group_12_Group_Team_Organized_Group_12_550_means.png
19,0.0,12_Group_Large_Group_12_Group_Large_Group_12_549_means.png
20,0.0,12_Group_Team_Organized_Group_12_Group_Team_Organized_Group_12_830_means.png
21,0.0,12_Group_Group_12_Group_Group_12_224_means.png
22,0.0,12_Group_Team_Organized_Group_12_Group_Team_Organized_Group_12_971_means.png
23,0.0,12_Group_Team_Organized_Group_12_Group_Team_Organized_Group_12_264_means.png
24,0.0,12_Group_Group_12_Group_Group_12_361_means.png
25,0.0,12_Group_Team_Organized_Group_12_Group_Team_Organized_Group_12_691_means.png
26,0.0,12_Group_Group_12_Group_Group_12_212_means.png
27,0.0,12_Group_Group_12_Group_Group_12_106_means.png
28,0.0,12_Group_Team_Organized_Group_12_Group_Team_Organized_Group_12_542_means.png
29,0.0,12_Group_Group_12_Group_Group_12_211_means.png
30,0.0,12_Group_Team_Organized_Group_12_Group_Team_Organized_Group_12_288_means.png
31,0.0,12_Group_Large_Group_12_Group_Large_Group_12_181_means.png
32,0.0,12_Group_Large_Group_12_Group_Large_Group_12_204_means.png
33,0.0,12_Group_Large_Group_12_Group_Large_Group_12_667_means.png
34,0.0,12_Group_Team_Organized_Group_12_Group_Team_Organized_Group_12_254_means.png
35,0.0,12_Group_Group_12_Group_Group_12_468_means.png
36,0.0,12_Group_Team_Organized_Group_12_Group_Team_Organized_Group_12_636_means.png
37,0.0,12_Group_Team_Organized_Group_12_Group_Team_Organized_Group_12_570_means.png
38,2.0,12_Group_Group_12_Group_Group_12_44_means.png
39,0.0,12_Group_Team_Organized_Group_12_Group_Team_Organized_Group_12_289_means.png
40,1.0,12_Group_Team_Organized_Group_12_Group_Team_Organized_Group_12_478_means.png
41,0.0,12_Group_Group_12_Group_Group_12_1048_means.png
42,0.0,12_Group_Team_Organized_Group_12_Group_Team_Organized_Group_12_110_means.png
43,1.0,12_Group_Group_12_Group_Group_12_937_means.png
44,0.0,12_Group_Group_12_Group_Group_12_214_means.png
45,0.0,12_Group_Group_12_Group_Group_12_452_means.png
46,0.0,12_Group_Large_Group_12_Group_Large_Group_12_734_means.png
47,0.0,12_Group_Large_Group_12_Group_Large_Group_12_945_means.png
48,0.0,12_Group_Large_Group_12_Group_Large_Group_12_119_means.png
49,0.0,12_Group_Team_Organized_Group_12_Group_Team_Organized_Group_12_760_means.png
50,1.0,12_Group_Large_Group_12_Group_Large_Group_12_838_means.png
51,0.0,12_Group_Group_12_Group_Group_12_255_means.png
52,0.0,12_Group_Group_12_Group_Group_12_252_means.png
53,0.0,12_Group_Large_Group_12_Group_Large_Group_12_728_means.png
54,0.0,12_Group_Team_Organized_Group_12_Group_Team_Organized_Group_12_33_means.png
55,0.0,12_Group_Large_Group_12_Group_Large_Group_12_287_means.png
56,0.0,12_Group_Team_Organized_Group_12_Group_Team_Organized_Group_12_681_means.png
57,0.0,12_Group_Team_Organized_Group_12_Group_Team_Organized_Group_12_540_means.png
58,0.0,12_Group_Large_Group_12_Group_Large_Group_12_165_means.png
59,0.0,12_Group_Team_Organized_Group_12_Group_Team_Organized_Group_12_265_means.png
60,0.0,12_Group_Group_12_Group_Group_12_588_means.png
61,0.0,12_Group_Group_12_Group_Group_12_23_means.png
62,0.0,12_Group_Group_12_Group_Group_12_413_means.png
63,0.0,12_Group_Group_12_Group_Group_12_377_means.png
64,0.0,12_Group_Group_12_Group_Group_12_236_means.png
65,0.0,12_Group_Large_Group_12_Group_Large_Group_12_754_means.png
66,0.0,12_Group_Group_12_Group_Group_12_647_means.png
67,1.0,12_Group_Large_Group_12_Group_Large_Group_12_663_means.png
68,0.0,12_Group_Group_12_Group_Group_12_993_means.png
69,1.0,12_Group_Team_Organized_Group_12_Group_Team_Organized_Group_12_416_means.png
70,0.0,12_Group_Group_12_Group_Group_12_133_means.png
71,0.0,12_Group_Group_12_Group_Group_12_479_means.png
72,0.0,12_Group_Large_Group_12_Group_Large_Group_12_602_means.png
73,0.0,12_Group_Team_Organized_Group_12_Group_Team_Organized_Group_12_36_means.png
74,0.0,12_Group_Large_Group_12_Group_Large_Group_12_895_means.png
75,0.0,12_Group_Large_Group_12_Group_Large_Group_12_791_means.png
76,0.0,12_Group_Team_Organized_Group_12_Group_Team_Organized_Group_12_95_means.png
77,2.0,12_Group_Team_Organized_Group_12_Group_Team_Organized_Group_12_514_means.png
78,0.0,12_Group_Group_12_Group_Group_12_208_means.png
79,0.0,12_Group_Large_Group_12_Group_Large_Group_12_111_means.png
80,0.0,12_Group_Team_Organized_Group_12_Group_Team_Organized_Group_12_743_means.png
81,0.0,12_Group_Large_Group_12_Group_Large_Group_12_57_means.png
82,1.0,12_Group_Group_12_Group_Group_12_390_means.png
83,0.0,12_Group_Group_12_Group_Group_12_258_means.png
84,1.0,12_Group_Large_Group_12_Group_Large_Group_12_645_means.png
85,1.0,12_Group_Team_Organized_Group_12_Group_Team_Organized_Group_12_896_means.png
86,0.0,12_Group_Group_12_Group_Group_12_962_means.png
87,0.0,12_Group_Large_Group_12_Group_Large_Group_12_9_means.png
88,1.0,12_Group_Group_12_Group_Group_12_450_means.png
89,0.0,12_Group_Group_12_Group_Group_12_438_means.png
90,0.0,12_Group_Team_Organized_Group_12_Group_Team_Organized_Group_12_20_means.png
91,5.0,12_Group_Group_12_Group_Group_12_125_means.png
92,0.0,12_Group_Large_Group_12_Group_Large_Group_12_2_means.png
93,0.0,12_Group_Team_Organized_Group_12_Group_Team_Organized_Group_12_114_means.png
94,0.0,12_Group_Large_Group_12_Group_Large_Group_12_22_means.png
95,1.0,12_Group_Group_12_Group_Group_12_466_means.png
96,0.0,12_Group_Group_12_Group_Group_12_158_means.png
97,0.0,12_Group_Group_12_Group_Group_12_609_means.png
98,0.0,12_Group_Group_12_Group_Group_12_923_means.png
99,0.0,12_Group_Team_Organized_Group_12_Group_Team_Organized_Group_12_487_means.png
100,2.0,12_Group_Large_Group_12_Group_Large_Group_12_402_means.png
101,0.0,12_Group_Team_Organized_Group_12_Group_Team_Organized_Group_12_357_means.png
102,0.0,12_Group_Team_Organized_Group_12_Group_Team_Organized_Group_12_190_means.png
103,0.0,12_Group_Team_Organized_Group_12_Group_Team_Organized_Group_12_204_means.png
104,0.0,12_Group_Team_Organized_Group_12_Group_Team_Organized_Group_12_154_means.png
105,0.0,12_Group_Team_Organized_Group_12_Group_Team_Organized_Group_12_46_means.png
106,1.0,12_Group_Group_12_Group_Group_12_168_means.png
107,0.0,12_Group_Team_Organized_Group_12_Group_Team_Organized_Group_12_426_means.png
108,0.0,12_Group_Group_12_Group_Group_12_172_means.png
109,0.0,12_Group_Team_Organized_Group_12_Group_Team_Organized_Group_12_72_means.png
110,0.0,12_Group_Large_Group_12_Group_Large_Group_12_435_means.png
111,5.0,12_Group_Large_Group_12_Group_Large_Group_12_881_means.png
112,0.0,12_Group_Group_12_Group_Group_12_482_means.png
113,0.0,12_Group_Team_Organized_Group_12_Group_Team_Organized_Group_12_318_means.png
114,0.0,12_Group_Team_Organized_Group_12_Group_Team_Organized_Group_12_721_means.png
115,0.0,12_Group_Team_Organized_Group_12_Group_Team_Organized_Group_12_457_means.png
116,0.0,12_Group_Large_Group_12_Group_Large_Group_12_89_means.png
117,2.0,12_Group_Group_12_Group_Group_12_769_means.png
118,0.0,12_Group_Team_Organized_Group_12_Group_Team_Organized_Group_12_92_means.png
119,0.0,12_Group_Large_Group_12_Group_Large_Group_12_764_means.png
120,0.0,12_Group_Team_Organized_Group_12_Group_Team_Organized_Group_12_175_means.png
121,0.0,12_Group_Large_Group_12_Group_Large_Group_12_166_means.png
122,0.0,12_Group_Large_Group_12_Group_Large_Group_12_712_means.png
123,0.0,12_Group_Group_12_Group_Group_12_226_means.png
124,0.0,12_Group_Team_Organized_Group_12_Group_Team_Organized_Group_12_594_means.png
125,0.0,12_Group_Group_12_Group_Group_12_694_means.png
126,0.0,12_Group_Large_Group_12_Group_Large_Group_12_560_means.png
127,1.0,12_Group_Team_Organized_Group_12_Group_Team_Organized_Group_12_314_means.png
128,0.0,12_Group_Large_Group_12_Group_Large_Group_12_285_means.png
129,0.0,12_Group_Group_12_Group_Group_12_589_means.png
130,0.0,12_Group_Team_Organized_Group_12_Group_Team_Organized_Group_12_555_means.png
131,0.0,12_Group_Large_Group_12_Group_Large_Group_12_841_means.png
132,0.0,12_Group_Team_Organized_Group_12_Group_Team_Organized_Group_12_677_means.png
133,0.0,12_Group_Team_Organized_Group_12_Group_Team_Organized_Group_12_506_means.png
134,0.0,12_Group_Group_12_Group_Group_12_195_means.png
135,1.0,12_Group_Group_12_Group_Group_12_173_means.png
136,1.0,12_Group_Team_Organized_Group_12_Group_Team_Organized_Group_12_785_means.png
137,0.0,12_Group_Group_12_Group_Group_12_792_means.png
138,2.0,12_Group_Group_12_Group_Group_12_730_means.png
139,1.0,12_Group_Large_Group_12_Group_Large_Group_12_12_means.png
140,2.0,12_Group_Group_12_Group_Group_12_110_means.png
141,0.0,12_Group_Large_Group_12_Group_Large_Group_12_486_means.png
142,0.0,12_Group_Group_12_Group_Group_12_612_means.png
143,0.0,12_Group_Team_Organized_Group_12_Group_Team_Organized_Group_12_423_means.png
144,0.0,12_Group_Group_12_Group_Group_12_169_means.png
145,0.0,12_Group_Large_Group_12_Group_Large_Group_12_421_means.png
146,0.0,12_Group_Large_Group_12_Group_Large_Group_12_517_means.png
147,0.0,12_Group_Group_12_Group_Group_12_692_means.png
148,0.0,12_Group_Large_Group_12_Group_Large_Group_12_1026_means.png
149,0.0,12_Group_Group_12_Group_Group_12_15_means.png
150,0.0,12_Group_Team_Organized_Group_12_Group_Team_Organized_Group_12_656_means.png
151,0.0,12_Group_Team_Organized_Group_12_Group_Team_Organized_Group_12_947_means.png
152,0.0,12_Group_Team_Organized_Group_12_Group_Team_Organized_Group_12_618_means.png
153,1.0,12_Group_Large_Group_12_Group_Large_Group_12_277_means.png
154,0.0,12_Group_Team_Organized_Group_12_Group_Team_Organized_Group_12_843_means.png
155,0.0,12_Group_Team_Organized_Group_12_Group_Team_Organized_Group_12_344_means.png
156,0.0,12_Group_Group_12_Group_Group_12_571_means.png
157,0.0,12_Group_Group_12_Group_Group_12_32_means.png
158,3.0,12_Group_Large_Group_12_Group_Large_Group_12_401_means.png
159,0.0,12_Group_Large_Group_12_Group_Large_Group_12_105_means.png
160,0.0,12_Group_Group_12_Group_Group_12_796_means.png
161,0.0,12_Group_Large_Group_12_Group_Large_Group_12_124_means.png
162,0.0,12_Group_Group_12_Group_Group_12_424_means.png
163,0.0,12_Group_Team_Organized_Group_12_Group_Team_Organized_Group_12_103_means.png
164,0.0,12_Group_Large_Group_12_Group_Large_Group_12_671_means.png
165,0.0,12_Group_Large_Group_12_Group_Large_Group_12_403_means.png
166,1.0,12_Group_Large_Group_12_Group_Large_Group_12_101_means.png
167,0.0,12_Group_Team_Organized_Group_12_Group_Team_Organized_Group_12_438_means.png
168,0.0,12_Group_Group_12_Group_Group_12_834_means.png
169,1.0,12_Group_Team_Organized_Group_12_Group_Team_Organized_Group_12_136_means.png
170,0.0,12_Group_Large_Group_12_Group_Large_Group_12_482_means.png
171,1.0,12_Group_Group_12_Group_Group_12_94_means.png
172,0.0,12_Group_Team_Organized_Group_12_Group_Team_Organized_Group_12_982_means.png
173,0.0,12_Group_Team_Organized_Group_12_Group_Team_Organized_Group_12_751_means.png
174,0.0,12_Group_Group_12_Group_Group_12_879_means.png
175,0.0,12_Group_Team_Organized_Group_12_Group_Team_Organized_Group_12_189_means.png
176,0.0,12_Group_Team_Organized_Group_12_Group_Team_Organized_Group_12_513_means.png
177,1.0,12_Group_Team_Organized_Group_12_Group_Team_Organized_Group_12_38_means.png
178,1.0,12_Group_Group_12_Group_Group_12_693_means.png
179,0.0,12_Group_Team_Organized_Group_12_Group_Team_Organized_Group_12_121_means.png
180,0.0,12_Group_Team_Organized_Group_12_Group_Team_Organized_Group_12_757_means.png
181,0.0,12_Group_Team_Organized_Group_12_Group_Team_Organized_Group_12_243_means.png
182,0.0,12_Group_Group_12_Group_Group_12_430_means.png
183,0.0,12_Group_Large_Group_12_Group_Large_Group_12_373_means.png
184,3.0,12_Group_Group_12_Group_Group_12_3_means.png
185,0.0,12_Group_Group_12_Group_Group_12_103_means.png
186,0.0,12_Group_Group_12_Group_Group_12_557_means.png
187,0.0,12_Group_Team_Organized_Group_12_Group_Team_Organized_Group_12_282_means.png
188,0.0,12_Group_Large_Group_12_Group_Large_Group_12_231_means.png
189,0.0,12_Group_Large_Group_12_Group_Large_Group_12_26_means.png
190,0.0,12_Group_Team_Organized_Group_12_Group_Team_Organized_Group_12_822_means.png
191,0.0,12_Group_Group_12_Group_Group_12_351_means.png
192,0.0,12_Group_Large_Group_12_Group_Large_Group_12_623_means.png
193,0.0,12_Group_Team_Organized_Group_12_Group_Team_Organized_Group_12_59_means.png
194,0.0,12_Group_Group_12_Group_Group_12_164_means.png
195,0.0,12_Group_Group_12_Group_Group_12_672_means.png
196,0.0,12_Group_Group_12_Group_Group_12_394_means.png
197,0.0,12_Group_Team_Organized_Group_12_Group_Team_Organized_Group_12_369_means.png
198,0.0,12_Group_Team_Organized_Group_12_Group_Team_Organized_Group_12_451_means.png
199,0.0,12_Group_Group_12_Group_Group_12_260_means.png
200,0.0,12_Group_Large_Group_12_Group_Large_Group_12_160_means.png
201,0.0,12_Group_Team_Organized_Group_12_Group_Team_Organized_Group_12_679_means.png
202,0.0,12_Group_Team_Organized_Group_12_Group_Team_Organized_Group_12_670_means.png
203,0.0,12_Group_Team_Organized_Group_12_Group_Team_Organized_Group_12_444_means.png
204,0.0,12_Group_Group_12_Group_Group_12_437_means.png
205,0.0,12_Group_Group_12_Group_Group_12_1029_means.png
206,0.0,12_Group_Group_12_Group_Group_12_808_means.png
207,0.0,12_Group_Large_Group_12_Group_Large_Group_12_711_means.png
208,0.0,12_Group_Large_Group_12_Group_Large_Group_12_30_means.png
209,1.0,12_Group_Large_Group_12_Group_Large_Group_12_46_means.png
210,0.0,12_Group_Large_Group_12_Group_Large_Group_12_173_means.png
211,0.0,12_Group_Team_Organized_Group_12_Group_Team_Organized_Group_12_638_means.png
212,0.0,12_Group_Large_Group_12_Group_Large_Group_12_811_means.png
213,0.0,12_Group_Group_12_Group_Group_12_270_means.png
214,0.0,12_Group_Team_Organized_Group_12_Group_Team_Organized_Group_12_85_means.png
215,1.0,12_Group_Large_Group_12_Group_Large_Group_12_658_means.png
216,3.0,12_Group_Group_12_Group_Group_12_775_means.png
217,1.0,12_Group_Team_Organized_Group_12_Group_Team_Organized_Group_12_419_means.png
218,0.0,12_Group_Team_Organized_Group_12_Group_Team_Organized_Group_12_703_means.png
219,1.0,12_Group_Team_Organized_Group_12_Group_Team_Organized_Group_12_749_means.png
220,0.0,12_Group_Group_12_Group_Group_12_303_means.png
221,0.0,12_Group_Group_12_Group_Group_12_444_means.png
222,0.0,12_Group_Group_12_Group_Group_12_70_means.png
223,0.0,12_Group_Group_12_Group_Group_12_113_means.png
224,2.0,12_Group_Team_Organized_Group_12_Group_Team_Organized_Group_12_750_means.png
225,2.0,12_Group_Group_12_Group_Group_12_298_means.png
226,0.0,12_Group_Team_Organized_Group_12_Group_Team_Organized_Group_12_34_means.png
227,0.0,12_Group_Team_Organized_Group_12_Group_Team_Organized_Group_12_640_means.png
228,0.0,12_Group_Group_12_Group_Group_12_576_means.png
229,0.0,12_Group_Large_Group_12_Group_Large_Group_12_36_means.png
230,0.0,12_Group_Large_Group_12_Group_Large_Group_12_158_means.png
231,1.0,12_Group_Team_Organized_Group_12_Group_Team_Organized_Group_12_468_means.png
232,2.0,12_Group_Large_Group_12_Group_Large_Group_12_394_means.png
233,0.0,12_Group_Large_Group_12_Group_Large_Group_12_37_means.png
234,0.0,12_Group_Group_12_Group_Group_12_137_means.png
235,0.0,12_Group_Large_Group_12_Group_Large_Group_12_146_means.png
236,0.0,12_Group_Team_Organized_Group_12_Group_Team_Organized_Group_12_448_means.png
237,0.0,12_Group_Team_Organized_Group_12_Group_Team_Organized_Group_12_43_means.png
238,0.0,12_Group_Large_Group_12_Group_Large_Group_12_514_means.png
239,1.0,12_Group_Group_12_Group_Group_12_852_means.png
240,0.0,12_Group_Large_Group_12_Group_Large_Group_12_686_means.png
241,0.0,12_Group_Group_12_Group_Group_12_250_means.png
242,0.0,12_Group_Large_Group_12_Group_Large_Group_12_474_means.png
243,0.0,12_Group_Group_12_Group_Group_12_591_means.png
244,0.0,12_Group_Large_Group_12_Group_Large_Group_12_3_means.png
245,0.0,12_Group_Large_Group_12_Group_Large_Group_12_311_means.png
246,0.0,12_Group_Group_12_Group_Group_12_34_means.png
247,3.0,12_Group_Group_12_Group_Group_12_541_means.png
248,1.0,12_Group_Team_Organized_Group_12_Group_Team_Organized_Group_12_824_means.png
249,0.0,12_Group_Large_Group_12_Group_Large_Group_12_98_means.png
250,0.0,12_Group_Team_Organized_Group_12_Group_Team_Organized_Group_12_179_means.png
251,0.0,12_Group_Group_12_Group_Group_12_96_means.png
252,0.0,12_Group_Group_12_Group_Group_12_682_means.png
253,3.0,12_Group_Large_Group_12_Group_Large_Group_12_339_means.png
254,0.0,12_Group_Team_Organized_Group_12_Group_Team_Organized_Group_12_558_means.png
255,0.0,12_Group_Group_12_Group_Group_12_107_means.png
256,0.0,12_Group_Group_12_Group_Group_12_143_means.png
257,0.0,12_Group_Team_Organized_Group_12_Group_Team_Organized_Group_12_217_means.png
258,0.0,12_Group_Team_Organized_Group_12_Group_Team_Organized_Group_12_634_means.png
259,1.0,12_Group_Group_12_Group_Group_12_681_means.png
260,1.0,12_Group_Group_12_Group_Group_12_804_means.png
261,0.0,12_Group_Large_Group_12_Group_Large_Group_12_423_means.png
262,0.0,12_Group_Team_Organized_Group_12_Group_Team_Organized_Group_12_387_means.png
263,0.0,12_Group_Group_12_Group_Group_12_259_means.png
264,2.0,12_Group_Team_Organized_Group_12_Group_Team_Organized_Group_12_800_means.png
265,1.0,12_Group_Large_Group_12_Group_Large_Group_12_388_means.png
266,0.0,12_Group_Group_12_Group_Group_12_167_means.png
267,0.0,12_Group_Team_Organized_Group_12_Group_Team_Organized_Group_12_579_means.png
268,0.0,12_Group_Large_Group_12_Group_Large_Group_12_816_means.png
269,0.0,12_Group_Team_Organized_Group_12_Group_Team_Organized_Group_12_876_means.png
270,2.0,12_Group_Group_12_Group_Group_12_287_means.png
271,1.0,12_Group_Group_12_Group_Group_12_335_means.png
272,2.0,12_Group_Large_Group_12_Group_Large_Group_12_80_means.png
273,0.0,12_Group_Large_Group_12_Group_Large_Group_12_284_means.png
274,0.0,12_Group_Group_12_Group_Group_12_830_means.png
275,0.0,12_Group_Group_12_Group_Group_12_475_means.png
276,0.0,12_Group_Large_Group_12_Group_Large_Group_12_340_means.png
277,0.0,12_Group_Large_Group_12_Group_Large_Group_12_269_means.png
278,0.0,12_Group_Group_12_Group_Group_12_264_means.png
279,0.0,12_Group_Large_Group_12_Group_Large_Group_12_500_means.png
280,0.0,12_Group_Large_Group_12_Group_Large_Group_12_237_means.png
281,0.0,12_Group_Group_12_Group_Group_12_9_means.png
282,3.0,12_Group_Team_Organized_Group_12_Group_Team_Organized_Group_12_135_means.png
283,0.0,12_Group_Team_Organized_Group_12_Group_Team_Organized_Group_12_764_means.png
284,0.0,12_Group_Team_Organized_Group_12_Group_Team_Organized_Group_12_54_means.png
285,0.0,12_Group_Large_Group_12_Group_Large_Group_12_321_means.png
286,0.0,12_Group_Group_12_Group_Group_12_381_means.png
287,0.0,12_Group_Team_Organized_Group_12_Group_Team_Organized_Group_12_1022_means.png
288,0.0,12_Group_Group_12_Group_Group_12_726_means.png
289,0.0,12_Group_Team_Organized_Group_12_Group_Team_Organized_Group_12_443_means.png
290,1.0,12_Group_Group_12_Group_Group_12_408_means.png
291,0.0,12_Group_Team_Organized_Group_12_Group_Team_Organized_Group_12_606_means.png
292,1.0,12_Group_Large_Group_12_Group_Large_Group_12_464_means.png
293,0.0,12_Group_Large_Group_12_Group_Large_Group_12_191_means.png
294,0.0,12_Group_Large_Group_12_Group_Large_Group_12_363_means.png
295,0.0,12_Group_Large_Group_12_Group_Large_Group_12_681_means.png
296,0.0,12_Group_Team_Organized_Group_12_Group_Team_Organized_Group_12_1002_means.png
297,0.0,12_Group_Large_Group_12_Group_Large_Group_12_430_means.png
298,1.0,12_Group_Team_Organized_Group_12_Group_Team_Organized_Group_12_483_means.png
299,0.0,12_Group_Team_Organized_Group_12_Group_Team_Organized_Group_12_547_means.png
300,1.0,12_Group_Group_12_Group_Group_12_194_means.png
301,1.0,12_Group_Group_12_Group_Group_12_455_means.png
302,0.0,12_Group_Large_Group_12_Group_Large_Group_12_636_means.png
303,0.0,12_Group_Team_Organized_Group_12_Group_Team_Organized_Group_12_1009_means.png
304,0.0,12_Group_Team_Organized_Group_12_Group_Team_Organized_Group_12_885_means.png
305,1.0,12_Group_Group_12_Group_Group_12_709_means.png
306,0.0,12_Group_Team_Organized_Group_12_Group_Team_Organized_Group_12_45_means.png
307,0.0,12_Group_Team_Organized_Group_12_Group_Team_Organized_Group_12_257_means.png
308,0.0,12_Group_Team_Organized_Group_12_Group_Team_Organized_Group_12_531_means.png
309,0.0,12_Group_Group_12_Group_Group_12_561_means.png
310,0.0,12_Group_Large_Group_12_Group_Large_Group_12_275_means.png
311,0.0,12_Group_Team_Organized_Group_12_Group_Team_Organized_Group_12_775_means.png
312,0.0,12_Group_Group_12_Group_Group_12_56_means.png
313,0.0,12_Group_Group_12_Group_Group_12_154_means.png
314,0.0,12_Group_Large_Group_12_Group_Large_Group_12_223_means.png
315,0.0,12_Group_Large_Group_12_Group_Large_Group_12_396_means.png
316,0.0,12_Group_Large_Group_12_Group_Large_Group_12_781_means.png
317,0.0,12_Group_Group_12_Group_Group_12_54_means.png
318,0.0,12_Group_Team_Organized_Group_12_Group_Team_Organized_Group_12_425_means.png
319,0.0,12_Group_Large_Group_12_Group_Large_Group_12_406_means.png
320,5.0,12_Group_Group_12_Group_Group_12_497_means.png
321,3.0,12_Group_Group_12_Group_Group_12_196_means.png
322,0.0,12_Group_Large_Group_12_Group_Large_Group_12_44_means.png
323,1.0,12_Group_Large_Group_12_Group_Large_Group_12_1045_means.png
324,0.0,12_Group_Group_12_Group_Group_12_118_means.png
325,1.0,12_Group_Group_12_Group_Group_12_213_means.png
326,0.0,12_Group_Team_Organized_Group_12_Group_Team_Organized_Group_12_870_means.png
327,0.0,12_Group_Team_Organized_Group_12_Group_Team_Organized_Group_12_603_means.png
328,0.0,12_Group_Large_Group_12_Group_Large_Group_12_115_means.png
329,0.0,12_Group_Team_Organized_Group_12_Group_Team_Organized_Group_12_641_means.png
330,0.0,12_Group_Large_Group_12_Group_Large_Group_12_272_means.png
331,0.0,12_Group_Group_12_Group_Group_12_265_means.png
332,0.0,12_Group_Team_Organized_Group_12_Group_Team_Organized_Group_12_818_means.png
333,0.0,12_Group_Team_Organized_Group_12_Group_Team_Organized_Group_12_673_means.png
334,0.0,12_Group_Team_Organized_Group_12_Group_Team_Organized_Group_12_347_means.png
335,0.0,12_Group_Team_Organized_Group_12_Group_Team_Organized_Group_12_941_means.png
336,0.0,12_Group_Team_Organized_Group_12_Group_Team_Organized_Group_12_556_means.png
337,0.0,12_Group_Team_Organized_Group_12_Group_Team_Organized_Group_12_498_means.png
338,0.0,12_Group_Large_Group_12_Group_Large_Group_12_762_means.png
339,0.0,12_Group_Large_Group_12_Group_Large_Group_12_306_means.png
340,3.0,12_Group_Group_12_Group_Group_12_87_means.png
341,0.0,12_Group_Group_12_Group_Group_12_232_means.png
342,0.0,12_Group_Large_Group_12_Group_Large_Group_12_128_means.png
343,0.0,12_Group_Team_Organized_Group_12_Group_Team_Organized_Group_12_93_means.png
344,0.0,12_Group_Large_Group_12_Group_Large_Group_12_41_means.png
345,4.0,12_Group_Group_12_Group_Group_12_582_means.png
346,0.0,12_Group_Team_Organized_Group_12_Group_Team_Organized_Group_12_432_means.png
347,1.0,12_Group_Group_12_Group_Group_12_448_means.png
348,5.0,12_Group_Team_Organized_Group_12_Group_Team_Organized_Group_12_646_means.png
349,0.0,12_Group_Large_Group_12_Group_Large_Group_12_755_means.png
350,0.0,12_Group_Team_Organized_Group_12_Group_Team_Organized_Group_12_795_means.png
351,0.0,12_Group_Group_12_Group_Group_12_126_means.png
352,0.0,12_Group_Large_Group_12_Group_Large_Group_12_880_means.png
353,0.0,12_Group_Group_12_Group_Group_12_57_means.png
354,0.0,12_Group_Large_Group_12_Group_Large_Group_12_627_means.png
355,1.0,12_Group_Group_12_Group_Group_12_920_means.png
356,1.0,12_Group_Group_12_Group_Group_12_870_means.png
357,0.0,12_Group_Team_Organized_Group_12_Group_Team_Organized_Group_12_280_means.png
358,0.0,12_Group_Large_Group_12_Group_Large_Group_12_618_means.png
359,0.0,12_Group_Team_Organized_Group_12_Group_Team_Organized_Group_12_3_means.png
360,2.0,12_Group_Group_12_Group_Group_12_150_means.png
361,0.0,12_Group_Team_Organized_Group_12_Group_Team_Organized_Group_12_401_means.png
362,0.0,12_Group_Team_Organized_Group_12_Group_Team_Organized_Group_12_8_means.png
363,2.0,12_Group_Team_Organized_Group_12_Group_Team_Organized_Group_12_13_means.png
364,0.0,12_Group_Team_Organized_Group_12_Group_Team_Organized_Group_12_113_means.png
365,0.0,12_Group_Team_Organized_Group_12_Group_Team_Organized_Group_12_107_means.png
366,0.0,12_Group_Group_12_Group_Group_12_742_means.png
367,0.0,12_Group_Team_Organized_Group_12_Group_Team_Organized_Group_12_821_means.png
368,1.0,12_Group_Large_Group_12_Group_Large_Group_12_465_means.png
369,1.0,12_Group_Team_Organized_Group_12_Group_Team_Organized_Group_12_724_means.png
370,0.0,12_Group_Team_Organized_Group_12_Group_Team_Organized_Group_12_382_means.png
371,0.0,12_Group_Team_Organized_Group_12_Group_Team_Organized_Group_12_214_means.png
372,0.0,12_Group_Team_Organized_Group_12_Group_Team_Organized_Group_12_106_means.png
373,0.0,12_Group_Large_Group_12_Group_Large_Group_12_168_means.png
374,0.0,12_Group_Group_12_Group_Group_12_828_means.png
375,1.0,12_Group_Team_Organized_Group_12_Group_Team_Organized_Group_12_377_means.png
376,1.0,12_Group_Large_Group_12_Group_Large_Group_12_555_means.png
377,0.0,12_Group_Group_12_Group_Group_12_587_means.png
378,0.0,12_Group_Team_Organized_Group_12_Group_Team_Organized_Group_12_829_means.png
379,1.0,12_Group_Group_12_Group_Group_12_262_means.png
380,0.0,12_Group_Group_12_Group_Group_12_366_means.png
381,0.0,12_Group_Large_Group_12_Group_Large_Group_12_887_means.png
382,0.0,12_Group_Team_Organized_Group_12_Group_Team_Organized_Group_12_125_means.png
383,1.0,12_Group_Group_12_Group_Group_12_13_means.png
384,0.0,12_Group_Team_Organized_Group_12_Group_Team_Organized_Group_12_14_means.png
385,0.0,12_Group_Large_Group_12_Group_Large_Group_12_175_means.png
386,0.0,12_Group_Team_Organized_Group_12_Group_Team_Organized_Group_12_370_means.png
387,4.0,12_Group_Large_Group_12_Group_Large_Group_12_440_means.png
388,0.0,12_Group_Large_Group_12_Group_Large_Group_12_7_means.png
389,1.0,12_Group_Team_Organized_Group_12_Group_Team_Organized_Group_12_345_means.png
390,0.0,12_Group_Team_Organized_Group_12_Group_Team_Organized_Group_12_266_means.png
391,0.0,12_Group_Group_12_Group_Group_12_120_means.png
392,0.0,12_Group_Group_12_Group_Group_12_523_means.png
393,0.0,12_Group_Large_Group_12_Group_Large_Group_12_573_means.png
394,0.0,12_Group_Group_12_Group_Group_12_129_means.png
395,0.0,12_Group_Team_Organized_Group_12_Group_Team_Organized_Group_12_654_means.png
396,4.0,12_Group_Large_Group_12_Group_Large_Group_12_93_means.png
397,0.0,12_Group_Group_12_Group_Group_12_747_means.png
398,0.0,12_Group_Large_Group_12_Group_Large_Group_12_225_means.png
399,0.0,12_Group_Group_12_Group_Group_12_689_means.png
400,1.0,12_Group_Group_12_Group_Group_12_342_means.png
401,1.0,12_Group_Group_12_Group_Group_12_653_means.png
402,4.0,12_Group_Group_12_Group_Group_12_782_means.png
403,0.0,12_Group_Group_12_Group_Group_12_495_means.png
404,0.0,12_Group_Team_Organized_Group_12_Group_Team_Organized_Group_12_709_means.png
405,1.0,12_Group_Large_Group_12_Group_Large_Group_12_8_means.png
406,0.0,12_Group_Team_Organized_Group_12_Group_Team_Organized_Group_12_779_means.png
407,0.0,12_Group_Large_Group_12_Group_Large_Group_12_230_means.png
408,0.0,12_Group_Large_Group_12_Group_Large_Group_12_19_means.png
409,0.0,12_Group_Team_Organized_Group_12_Group_Team_Organized_Group_12_765_means.png
410,1.0,12_Group_Group_12_Group_Group_12_177_means.png
411,0.0,12_Group_Team_Organized_Group_12_Group_Team_Organized_Group_12_62_means.png
412,0.0,12_Group_Team_Organized_Group_12_Group_Team_Organized_Group_12_645_means.png
413,1.0,12_Group_Team_Organized_Group_12_Group_Team_Organized_Group_12_47_means.png
414,0.0,12_Group_Group_12_Group_Group_12_558_means.png
415,0.0,12_Group_Group_12_Group_Group_12_135_means.png
416,0.0,12_Group_Team_Organized_Group_12_Group_Team_Organized_Group_12_592_means.png
417,0.0,12_Group_Group_12_Group_Group_12_291_means.png
418,0.0,12_Group_Team_Organized_Group_12_Group_Team_Organized_Group_12_225_means.png
419,0.0,12_Group_Team_Organized_Group_12_Group_Team_Organized_Group_12_858_means.png
420,1.0,12_Group_Large_Group_12_Group_Large_Group_12_53_means.png
421,0.0,12_Group_Large_Group_12_Group_Large_Group_12_891_means.png
422,0.0,12_Group_Large_Group_12_Group_Large_Group_12_351_means.png
423,1.0,12_Group_Large_Group_12_Group_Large_Group_12_134_means.png
424,1.0,12_Group_Team_Organized_Group_12_Group_Team_Organized_Group_12_585_means.png
425,0.0,12_Group_Large_Group_12_Group_Large_Group_12_449_means.png
426,2.0,12_Group_Team_Organized_Group_12_Group_Team_Organized_Group_12_379_means.png
427,0.0,12_Group_Large_Group_12_Group_Large_Group_12_492_means.png
428,1.0,12_Group_Team_Organized_Group_12_Group_Team_Organized_Group_12_228_means.png
429,0.0,12_Group_Group_12_Group_Group_12_91_means.png
430,0.0,12_Group_Large_Group_12_Group_Large_Group_12_316_means.png
431,0.0,12_Group_Team_Organized_Group_12_Group_Team_Organized_Group_12_808_means.png
432,0.0,12_Group_Team_Organized_Group_12_Group_Team_Organized_Group_12_576_means.png
433,0.0,12_Group_Group_12_Group_Group_12_166_means.png
434,0.0,12_Group_Team_Organized_Group_12_Group_Team_Organized_Group_12_143_means.png
435,0.0,12_Group_Group_12_Group_Group_12_461_means.png
436,0.0,12_Group_Team_Organized_Group_12_Group_Team_Organized_Group_12_887_means.png
437,0.0,12_Group_Large_Group_12_Group_Large_Group_12_258_means.png
438,0.0,12_Group_Team_Organized_Group_12_Group_Team_Organized_Group_12_590_means.png
439,0.0,12_Group_Group_12_Group_Group_12_456_means.png
440,0.0,12_Group_Team_Organized_Group_12_Group_Team_Organized_Group_12_477_means.png
441,0.0,12_Group_Team_Organized_Group_12_Group_Team_Organized_Group_12_888_means.png
442,0.0,12_Group_Large_Group_12_Group_Large_Group_12_271_means.png
443,1.0,12_Group_Large_Group_12_Group_Large_Group_12_209_means.png
444,0.0,12_Group_Large_Group_12_Group_Large_Group_12_148_means.png
445,1.0,12_Group_Group_12_Group_Group_12_371_means.png
446,0.0,12_Group_Large_Group_12_Group_Large_Group_12_178_means.png
447,0.0,12_Group_Team_Organized_Group_12_Group_Team_Organized_Group_12_35_means.png
448,0.0,12_Group_Large_Group_12_Group_Large_Group_12_640_means.png
449,0.0,12_Group_Team_Organized_Group_12_Group_Team_Organized_Group_12_578_means.png
450,0.0,12_Group_Group_12_Group_Group_12_410_means.png
451,0.0,12_Group_Large_Group_12_Group_Large_Group_12_894_means.png
452,0.0,12_Group_Large_Group_12_Group_Large_Group_12_92_means.png
453,0.0,12_Group_Group_12_Group_Group_12_535_means.png
454,0.0,12_Group_Large_Group_12_Group_Large_Group_12_241_means.png
455,0.0,12_Group_Team_Organized_Group_12_Group_Team_Organized_Group_12_532_means.png
456,0.0,12_Group_Team_Organized_Group_12_Group_Team_Organized_Group_12_29_means.png
457,0.0,12_Group_Team_Organized_Group_12_Group_Team_Organized_Group_12_523_means.png
458,0.0,12_Group_Large_Group_12_Group_Large_Group_12_71_means.png
459,0.0,12_Group_Group_12_Group_Group_12_26_means.png
460,0.0,12_Group_Large_Group_12_Group_Large_Group_12_634_means.png
461,0.0,12_Group_Group_12_Group_Group_12_441_means.png
462,0.0,12_Group_Large_Group_12_Group_Large_Group_12_659_means.png
463,1.0,12_Group_Group_12_Group_Group_12_1042_means.png
464,0.0,12_Group_Team_Organized_Group_12_Group_Team_Organized_Group_12_924_means.png
465,0.0,12_Group_Large_Group_12_Group_Large_Group_12_215_means.png
466,0.0,12_Group_Team_Organized_Group_12_Group_Team_Organized_Group_12_185_means.png
467,0.0,12_Group_Team_Organized_Group_12_Group_Team_Organized_Group_12_873_means.png
468,0.0,12_Group_Large_Group_12_Group_Large_Group_12_874_means.png
469,0.0,12_Group_Team_Organized_Group_12_Group_Team_Organized_Group_12_56_means.png
470,0.0,12_Group_Team_Organized_Group_12_Group_Team_Organized_Group_12_338_means.png
471,0.0,12_Group_Group_12_Group_Group_12_216_means.png
472,0.0,12_Group_Team_Organized_Group_12_Group_Team_Organized_Group_12_359_means.png
473,0.0,12_Group_Team_Organized_Group_12_Group_Team_Organized_Group_12_122_means.png
474,2.0,12_Group_Team_Organized_Group_12_Group_Team_Organized_Group_12_356_means.png
475,0.0,12_Group_Team_Organized_Group_12_Group_Team_Organized_Group_12_486_means.png
476,0.0,12_Group_Group_12_Group_Group_12_288_means.png
477,0.0,12_Group_Team_Organized_Group_12_Group_Team_Organized_Group_12_376_means.png
478,0.0,12_Group_Team_Organized_Group_12_Group_Team_Organized_Group_12_381_means.png
479,0.0,12_Group_Team_Organized_Group_12_Group_Team_Organized_Group_12_9_means.png
480,1.0,12_Group_Group_12_Group_Group_12_65_means.png
481,0.0,12_Group_Group_12_Group_Group_12_376_means.png
482,3.0,12_Group_Group_12_Group_Group_12_436_means.png
483,0.0,12_Group_Large_Group_12_Group_Large_Group_12_84_means.png
484,0.0,12_Group_Large_Group_12_Group_Large_Group_12_732_means.png
485,1.0,12_Group_Group_12_Group_Group_12_907_means.png
486,0.0,12_Group_Team_Organized_Group_12_Group_Team_Organized_Group_12_49_means.png
487,3.0,12_Group_Team_Organized_Group_12_Group_Team_Organized_Group_12_366_means.png
488,1.0,12_Group_Large_Group_12_Group_Large_Group_12_305_means.png
489,4.0,12_Group_Team_Organized_Group_12_Group_Team_Organized_Group_12_168_means.png
490,0.0,12_Group_Large_Group_12_Group_Large_Group_12_131_means.png
491,1.0,12_Group_Team_Organized_Group_12_Group_Team_Organized_Group_12_124_means.png
492,1.0,12_Group_Group_12_Group_Group_12_826_means.png
493,0.0,12_Group_Team_Organized_Group_12_Group_Team_Organized_Group_12_669_means.png
494,0.0,12_Group_Large_Group_12_Group_Large_Group_12_179_means.png
495,0.0,12_Group_Group_12_Group_Group_12_17_means.png
496,0.0,12_Group_Team_Organized_Group_12_Group_Team_Organized_Group_12_267_means.png
497,1.0,12_Group_Team_Organized_Group_12_Group_Team_Organized_Group_12_505_means.png
498,2.0,12_Group_Group_12_Group_Group_12_207_means.png
499,0.0,12_Group_Large_Group_12_Group_Large_Group_12_875_means.png
500,0.0,12_Group_Group_12_Group_Group_12_63_means.png
501,0.0,12_Group_Team_Organized_Group_12_Group_Team_Organized_Group_12_884_means.png
502,0.0,12_Group_Large_Group_12_Group_Large_Group_12_704_means.png
503,5.0,12_Group_Group_12_Group_Group_12_151_means.png
504,3.0,12_Group_Team_Organized_Group_12_Group_Team_Organized_Group_12_493_means.png
505,0.0,12_Group_Team_Organized_Group_12_Group_Team_Organized_Group_12_453_means.png
506,0.0,12_Group_Large_Group_12_Group_Large_Group_12_40_means.png
507,0.0,12_Group_Team_Organized_Group_12_Group_Team_Organized_Group_12_10_means.png
508,0.0,12_Group_Large_Group_12_Group_Large_Group_12_314_means.png
509,1.0,12_Group_Group_12_Group_Group_12_263_means.png
510,0.0,12_Group_Team_Organized_Group_12_Group_Team_Organized_Group_12_770_means.png
511,0.0,12_Group_Team_Organized_Group_12_Group_Team_Organized_Group_12_534_means.png
512,2.0,12_Group_Group_12_Group_Group_12_30_means.png
513,1.0,12_Group_Group_12_Group_Group_12_46_means.png
514,0.0,12_Group_Group_12_Group_Group_12_621_means.png
515,0.0,12_Group_Group_12_Group_Group_12_239_means.png
516,0.0,12_Group_Large_Group_12_Group_Large_Group_12_792_means.png
517,1.0,12_Group_Group_12_Group_Group_12_240_means.png
518,0.0,12_Group_Team_Organized_Group_12_Group_Team_Organized_Group_12_194_means.png
519,0.0,12_Group_Group_12_Group_Group_12_400_means.png
520,1.0,12_Group_Group_12_Group_Group_12_145_means.png
521,0.0,12_Group_Group_12_Group_Group_12_562_means.png
522,0.0,12_Group_Team_Organized_Group_12_Group_Team_Organized_Group_12_361_means.png
523,0.0,12_Group_Team_Organized_Group_12_Group_Team_Organized_Group_12_476_means.png
524,0.0,12_Group_Group_12_Group_Group_12_76_means.png
525,0.0,12_Group_Large_Group_12_Group_Large_Group_12_769_means.png
526,2.0,12_Group_Large_Group_12_Group_Large_Group_12_50_means.png
527,1.0,12_Group_Team_Organized_Group_12_Group_Team_Organized_Group_12_933_means.png
528,0.0,12_Group_Group_12_Group_Group_12_201_means.png
529,0.0,12_Group_Group_12_Group_Group_12_128_means.png
530,0.0,12_Group_Large_Group_12_Group_Large_Group_12_357_means.png
531,1.0,12_Group_Team_Organized_Group_12_Group_Team_Organized_Group_12_755_means.png
532,0.0,12_Group_Large_Group_12_Group_Large_Group_12_137_means.png
533,1.0,12_Group_Group_12_Group_Group_12_743_means.png
534,0.0,12_Group_Large_Group_12_Group_Large_Group_12_383_means.png
535,1.0,12_Group_Large_Group_12_Group_Large_Group_12_1015_means.png
536,0.0,12_Group_Team_Organized_Group_12_Group_Team_Organized_Group_12_635_means.png
537,0.0,12_Group_Group_12_Group_Group_12_343_means.png
538,0.0,12_Group_Team_Organized_Group_12_Group_Team_Organized_Group_12_605_means.png
539,0.0,12_Group_Team_Organized_Group_12_Group_Team_Organized_Group_12_4_means.png
540,0.0,12_Group_Group_12_Group_Group_12_929_means.png
541,1.0,12_Group_Group_12_Group_Group_12_506_means.png
542,0.0,12_Group_Large_Group_12_Group_Large_Group_12_106_means.png
543,0.0,12_Group_Large_Group_12_Group_Large_Group_12_857_means.png
544,0.0,12_Group_Large_Group_12_Group_Large_Group_12_289_means.png
545,0.0,12_Group_Large_Group_12_Group_Large_Group_12_310_means.png
546,0.0,12_Group_Team_Organized_Group_12_Group_Team_Organized_Group_12_746_means.png
547,0.0,12_Group_Large_Group_12_Group_Large_Group_12_397_means.png
548,0.0,12_Group_Group_12_Group_Group_12_181_means.png
549,1.0,12_Group_Team_Organized_Group_12_Group_Team_Organized_Group_12_701_means.png
550,0.0,12_Group_Large_Group_12_Group_Large_Group_12_362_means.png
551,3.0,12_Group_Large_Group_12_Group_Large_Group_12_16_means.png
552,0.0,12_Group_Team_Organized_Group_12_Group_Team_Organized_Group_12_413_means.png
553,0.0,12_Group_Large_Group_12_Group_Large_Group_12_142_means.png
554,0.0,12_Group_Large_Group_12_Group_Large_Group_12_195_means.png
555,0.0,12_Group_Group_12_Group_Group_12_50_means.png
556,0.0,12_Group_Large_Group_12_Group_Large_Group_12_439_means.png
557,0.0,12_Group_Group_12_Group_Group_12_311_means.png
558,0.0,12_Group_Team_Organized_Group_12_Group_Team_Organized_Group_12_1018_means.png
559,0.0,12_Group_Group_12_Group_Group_12_933_means.png
560,0.0,12_Group_Team_Organized_Group_12_Group_Team_Organized_Group_12_424_means.png
561,0.0,12_Group_Group_12_Group_Group_12_266_means.png
562,0.0,12_Group_Team_Organized_Group_12_Group_Team_Organized_Group_12_74_means.png
563,0.0,12_Group_Group_12_Group_Group_12_502_means.png
564,1.0,12_Group_Group_12_Group_Group_12_936_means.png
565,0.0,12_Group_Team_Organized_Group_12_Group_Team_Organized_Group_12_348_means.png
566,0.0,12_Group_Large_Group_12_Group_Large_Group_12_180_means.png
567,0.0,12_Group_Team_Organized_Group_12_Group_Team_Organized_Group_12_620_means.png
568,1.0,12_Group_Group_12_Group_Group_12_729_means.png
569,0.0,12_Group_Team_Organized_Group_12_Group_Team_Organized_Group_12_869_means.png
570,1.0,12_Group_Team_Organized_Group_12_Group_Team_Organized_Group_12_609_means.png
571,0.0,12_Group_Team_Organized_Group_12_Group_Team_Organized_Group_12_633_means.png
572,0.0,12_Group_Team_Organized_Group_12_Group_Team_Organized_Group_12_737_means.png
573,0.0,12_Group_Group_12_Group_Group_12_921_means.png
574,1.0,12_Group_Team_Organized_Group_12_Group_Team_Organized_Group_12_622_means.png
575,0.0,12_Group_Team_Organized_Group_12_Group_Team_Organized_Group_12_736_means.png
576,0.0,12_Group_Group_12_Group_Group_12_1009_means.png
577,0.0,12_Group_Group_12_Group_Group_12_821_means.png
578,0.0,12_Group_Team_Organized_Group_12_Group_Team_Organized_Group_12_142_means.png
579,1.0,12_Group_Team_Organized_Group_12_Group_Team_Organized_Group_12_346_means.png
580,1.0,12_Group_Team_Organized_Group_12_Group_Team_Organized_Group_12_908_means.png
581,1.0,12_Group_Large_Group_12_Group_Large_Group_12_206_means.png
582,0.0,12_Group_Large_Group_12_Group_Large_Group_12_809_means.png
583,1.0,12_Group_Team_Organized_Group_12_Group_Team_Organized_Group_12_326_means.png
584,0.0,12_Group_Large_Group_12_Group_Large_Group_12_770_means.png
585,0.0,12_Group_Large_Group_12_Group_Large_Group_12_156_means.png
586,0.0,12_Group_Large_Group_12_Group_Large_Group_12_437_means.png
587,0.0,12_Group_Team_Organized_Group_12_Group_Team_Organized_Group_12_408_means.png
588,5.0,12_Group_Group_12_Group_Group_12_27_means.png
589,0.0,12_Group_Large_Group_12_Group_Large_Group_12_951_means.png
590,0.0,12_Group_Large_Group_12_Group_Large_Group_12_398_means.png
591,1.0,12_Group_Group_12_Group_Group_12_544_means.png
592,0.0,12_Group_Large_Group_12_Group_Large_Group_12_127_means.png
593,0.0,12_Group_Large_Group_12_Group_Large_Group_12_768_means.png
594,0.0,12_Group_Large_Group_12_Group_Large_Group_12_28_means.png
595,0.0,12_Group_Team_Organized_Group_12_Group_Team_Organized_Group_12_303_means.png
596,0.0,12_Group_Large_Group_12_Group_Large_Group_12_779_means.png
597,0.0,12_Group_Team_Organized_Group_12_Group_Team_Organized_Group_12_588_means.png
598,0.0,12_Group_Large_Group_12_Group_Large_Group_12_513_means.png
599,0.0,12_Group_Large_Group_12_Group_Large_Group_12_863_means.png
600,0.0,12_Group_Team_Organized_Group_12_Group_Team_Organized_Group_12_399_means.png
601,0.0,12_Group_Team_Organized_Group_12_Group_Team_Organized_Group_12_942_means.png
602,1.0,12_Group_Team_Organized_Group_12_Group_Team_Organized_Group_12_768_means.png
603,0.0,12_Group_Team_Organized_Group_12_Group_Team_Organized_Group_12_804_means.png
604,1.0,12_Group_Team_Organized_Group_12_Group_Team_Organized_Group_12_936_means.png
605,0.0,12_Group_Large_Group_12_Group_Large_Group_12_548_means.png
606,0.0,12_Group_Group_12_Group_Group_12_185_means.png
607,0.0,12_Group_Group_12_Group_Group_12_117_means.png
608,1.0,12_Group_Group_12_Group_Group_12_549_means.png
609,0.0,12_Group_Large_Group_12_Group_Large_Group_12_224_means.png
610,0.0,12_Group_Group_12_Group_Group_12_314_means.png
611,0.0,12_Group_Team_Organized_Group_12_Group_Team_Organized_Group_12_464_means.png
612,0.0,12_Group_Team_Organized_Group_12_Group_Team_Organized_Group_12_489_means.png
613,1.0,12_Group_Large_Group_12_Group_Large_Group_12_484_means.png
614,0.0,12_Group_Group_12_Group_Group_12_45_means.png
615,1.0,12_Group_Large_Group_12_Group_Large_Group_12_232_means.png
616,0.0,12_Group_Large_Group_12_Group_Large_Group_12_641_means.png
617,0.0,12_Group_Group_12_Group_Group_12_581_means.png
618,1.0,12_Group_Group_12_Group_Group_12_1039_means.png
619,0.0,12_Group_Group_12_Group_Group_12_180_means.png
620,0.0,12_Group_Team_Organized_Group_12_Group_Team_Organized_Group_12_1039_means.png
621,1.0,12_Group_Team_Organized_Group_12_Group_Team_Organized_Group_12_339_means.png
622,0.0,12_Group_Large_Group_12_Group_Large_Group_12_353_means.png
623,0.0,12_Group_Group_12_Group_Group_12_21_means.png
624,2.0,12_Group_Group_12_Group_Group_12_8_means.png
625,0.0,12_Group_Large_Group_12_Group_Large_Group_12_60_means.png
626,0.0,12_Group_Team_Organized_Group_12_Group_Team_Organized_Group_12_890_means.png
627,0.0,12_Group_Group_12_Group_Group_12_614_means.png
628,0.0,12_Group_Large_Group_12_Group_Large_Group_12_1022_means.png
629,1.0,12_Group_Team_Organized_Group_12_Group_Team_Organized_Group_12_565_means.png
630,0.0,12_Group_Team_Organized_Group_12_Group_Team_Organized_Group_12_475_means.png
631,1.0,12_Group_Team_Organized_Group_12_Group_Team_Organized_Group_12_343_means.png
632,1.0,12_Group_Team_Organized_Group_12_Group_Team_Organized_Group_12_914_means.png
633,0.0,12_Group_Large_Group_12_Group_Large_Group_12_62_means.png
634,1.0,12_Group_Group_12_Group_Group_12_39_means.png
635,1.0,12_Group_Team_Organized_Group_12_Group_Team_Organized_Group_12_467_means.png
636,0.0,12_Group_Group_12_Group_Group_12_435_means.png
637,0.0,12_Group_Team_Organized_Group_12_Group_Team_Organized_Group_12_201_means.png
638,0.0,12_Group_Group_12_Group_Group_12_6_means.png
639,0.0,12_Group_Team_Organized_Group_12_Group_Team_Organized_Group_12_199_means.png
640,0.0,12_Group_Large_Group_12_Group_Large_Group_12_56_means.png
641,0.0,12_Group_Team_Organized_Group_12_Group_Team_Organized_Group_12_599_means.png
642,0.0,12_Group_Large_Group_12_Group_Large_Group_12_761_means.png
643,1.0,12_Group_Group_12_Group_Group_12_751_means.png
644,0.0,12_Group_Group_12_Group_Group_12_483_means.png
645,0.0,12_Group_Team_Organized_Group_12_Group_Team_Organized_Group_12_39_means.png
646,0.0,12_Group_Large_Group_12_Group_Large_Group_12_291_means.png
647,0.0,12_Group_Team_Organized_Group_12_Group_Team_Organized_Group_12_429_means.png
648,0.0,12_Group_Large_Group_12_Group_Large_Group_12_140_means.png
649,0.0,12_Group_Large_Group_12_Group_Large_Group_12_785_means.png
650,0.0,12_Group_Large_Group_12_Group_Large_Group_12_1_means.png
651,0.0,12_Group_Large_Group_12_Group_Large_Group_12_576_means.png
652,0.0,12_Group_Group_12_Group_Group_12_777_means.png
653,1.0,12_Group_Group_12_Group_Group_12_819_means.png
654,0.0,12_Group_Team_Organized_Group_12_Group_Team_Organized_Group_12_831_means.png
655,0.0,12_Group_Group_12_Group_Group_12_330_means.png
656,0.0,12_Group_Group_12_Group_Group_12_1033_means.png
657,0.0,12_Group_Group_12_Group_Group_12_601_means.png
658,0.0,12_Group_Team_Organized_Group_12_Group_Team_Organized_Group_12_77_means.png
659,0.0,12_Group_Large_Group_12_Group_Large_Group_12_200_means.png
660,0.0,12_Group_Group_12_Group_Group_12_307_means.png
661,1.0,12_Group_Large_Group_12_Group_Large_Group_12_503_means.png
662,0.0,12_Group_Large_Group_12_Group_Large_Group_12_198_means.png
663,0.0,12_Group_Team_Organized_Group_12_Group_Team_Organized_Group_12_910_means.png
664,1.0,12_Group_Team_Organized_Group_12_Group_Team_Organized_Group_12_402_means.png
665,0.0,12_Group_Team_Organized_Group_12_Group_Team_Organized_Group_12_734_means.png
666,0.0,12_Group_Large_Group_12_Group_Large_Group_12_59_means.png
667,0.0,12_Group_Team_Organized_Group_12_Group_Team_Organized_Group_12_1014_means.png
668,0.0,12_Group_Team_Organized_Group_12_Group_Team_Organized_Group_12_417_means.png
669,0.0,12_Group_Group_12_Group_Group_12_82_means.png
670,1.0,12_Group_Group_12_Group_Group_12_157_means.png
671,0.0,12_Group_Group_12_Group_Group_12_485_means.png
672,0.0,12_Group_Group_12_Group_Group_12_626_means.png
673,0.0,12_Group_Large_Group_12_Group_Large_Group_12_765_means.png
674,0.0,12_Group_Large_Group_12_Group_Large_Group_12_748_means.png
675,1.0,12_Group_Team_Organized_Group_12_Group_Team_Organized_Group_12_173_means.png
676,0.0,12_Group_Large_Group_12_Group_Large_Group_12_350_means.png
677,0.0,12_Group_Large_Group_12_Group_Large_Group_12_74_means.png
678,0.0,12_Group_Group_12_Group_Group_12_639_means.png
679,0.0,12_Group_Group_12_Group_Group_12_326_means.png
680,0.0,12_Group_Group_12_Group_Group_12_92_means.png
681,1.0,12_Group_Group_12_Group_Group_12_333_means.png
682,0.0,12_Group_Group_12_Group_Group_12_95_means.png
683,0.0,12_Group_Large_Group_12_Group_Large_Group_12_927_means.png
684,1.0,12_Group_Team_Organized_Group_12_Group_Team_Organized_Group_12_296_means.png
685,0.0,12_Group_Team_Organized_Group_12_Group_Team_Organized_Group_12_170_means.png
686,0.0,12_Group_Large_Group_12_Group_Large_Group_12_34_means.png
687,0.0,12_Group_Group_12_Group_Group_12_572_means.png
688,0.0,12_Group_Group_12_Group_Group_12_362_means.png
689,0.0,12_Group_Large_Group_12_Group_Large_Group_12_349_means.png
690,0.0,12_Group_Team_Organized_Group_12_Group_Team_Organized_Group_12_386_means.png
691,0.0,12_Group_Large_Group_12_Group_Large_Group_12_620_means.png
692,2.0,12_Group_Group_12_Group_Group_12_19_means.png
693,0.0,12_Group_Large_Group_12_Group_Large_Group_12_331_means.png
694,4.0,12_Group_Group_12_Group_Group_12_138_means.png
695,0.0,12_Group_Group_12_Group_Group_12_762_means.png
696,1.0,12_Group_Large_Group_12_Group_Large_Group_12_163_means.png
697,0.0,12_Group_Large_Group_12_Group_Large_Group_12_70_means.png
698,1.0,12_Group_Group_12_Group_Group_12_844_means.png
699,0.0,12_Group_Team_Organized_Group_12_Group_Team_Organized_Group_12_826_means.png
700,0.0,12_Group_Group_12_Group_Group_12_64_means.png
701,0.0,12_Group_Large_Group_12_Group_Large_Group_12_542_means.png
702,0.0,12_Group_Large_Group_12_Group_Large_Group_12_657_means.png
703,1.0,12_Group_Group_12_Group_Group_12_666_means.png
704,0.0,12_Group_Large_Group_12_Group_Large_Group_12_438_means.png
705,0.0,12_Group_Team_Organized_Group_12_Group_Team_Organized_Group_12_116_means.png
706,2.0,12_Group_Team_Organized_Group_12_Group_Team_Organized_Group_12_26_means.png
707,0.0,12_Group_Group_12_Group_Group_12_152_means.png
708,0.0,12_Group_Team_Organized_Group_12_Group_Team_Organized_Group_12_627_means.png
709,0.0,12_Group_Team_Organized_Group_12_Group_Team_Organized_Group_12_517_means.png
710,0.0,12_Group_Team_Organized_Group_12_Group_Team_Organized_Group_12_1045_means.png
711,4.0,12_Group_Team_Organized_Group_12_Group_Team_Organized_Group_12_744_means.png
712,0.0,12_Group_Team_Organized_Group_12_Group_Team_Organized_Group_12_208_means.png
713,0.0,12_Group_Large_Group_12_Group_Large_Group_12_374_means.png
714,2.0,12_Group_Large_Group_12_Group_Large_Group_12_234_means.png
715,0.0,12_Group_Group_12_Group_Group_12_687_means.png
716,1.0,12_Group_Group_12_Group_Group_12_43_means.png
717,2.0,12_Group_Group_12_Group_Group_12_334_means.png
718,0.0,12_Group_Team_Organized_Group_12_Group_Team_Organized_Group_12_450_means.png
719,0.0,12_Group_Large_Group_12_Group_Large_Group_12_348_means.png
720,0.0,12_Group_Group_12_Group_Group_12_159_means.png
721,0.0,12_Group_Group_12_Group_Group_12_90_means.png
722,2.0,12_Group_Team_Organized_Group_12_Group_Team_Organized_Group_12_248_means.png
723,0.0,12_Group_Large_Group_12_Group_Large_Group_12_886_means.png
724,0.0,12_Group_Group_12_Group_Group_12_296_means.png
725,1.0,12_Group_Group_12_Group_Group_12_847_means.png
726,0.0,12_Group_Team_Organized_Group_12_Group_Team_Organized_Group_12_533_means.png
727,0.0,12_Group_Large_Group_12_Group_Large_Group_12_114_means.png
