,OriginalFaces,ImageName
0,2.0,12_Group_Group_12_Group_Group_12_587.jpg
1,3.0,12_Group_Team_Organized_Group_12_Group_Team_Organized_Group_12_13.jpg
2,0.0,12_Group_Team_Organized_Group_12_Group_Team_Organized_Group_12_110.jpg
3,30.0,12_Group_Large_Group_12_Group_Large_Group_12_111.jpg
4,3.0,12_Group_Team_Organized_Group_12_Group_Team_Organized_Group_12_517.jpg
5,0.0,12_Group_Group_12_Group_Group_12_933.jpg
6,2.0,12_Group_Group_12_Group_Group_12_920.jpg
7,1.0,12_Group_Group_12_Group_Group_12_993.jpg
8,32.0,12_Group_Team_Organized_Group_12_Group_Team_Organized_Group_12_379.jpg
9,1.0,12_Group_Team_Organized_Group_12_Group_Team_Organized_Group_12_734.jpg
10,1.0,12_Group_Team_Organized_Group_12_Group_Team_Organized_Group_12_679.jpg
11,15.0,12_Group_Group_12_Group_Group_12_390.jpg
12,0.0,12_Group_Large_Group_12_Group_Large_Group_12_1026.jpg
13,10.0,12_Group_Team_Organized_Group_12_Group_Team_Organized_Group_12_168.jpg
14,3.0,12_Group_Team_Organized_Group_12_Group_Team_Organized_Group_12_550.jpg
15,2.0,12_Group_Team_Organized_Group_12_Group_Team_Organized_Group_12_381.jpg
16,8.0,12_Group_Group_12_Group_Group_12_614.jpg
17,6.0,12_Group_Team_Organized_Group_12_Group_Team_Organized_Group_12_640.jpg
18,0.0,12_Group_Large_Group_12_Group_Large_Group_12_671.jpg
19,9.0,12_Group_Team_Organized_Group_12_Group_Team_Organized_Group_12_843.jpg
20,2.0,12_Group_Group_12_Group_Group_12_777.jpg
21,26.0,12_Group_Group_12_Group_Group_12_879.jpg
22,21.0,12_Group_Group_12_Group_Group_12_441.jpg
23,1.0,12_Group_Team_Organized_Group_12_Group_Team_Organized_Group_12_419.jpg
24,0.0,12_Group_Large_Group_12_Group_Large_Group_12_22.jpg
25,29.0,12_Group_Team_Organized_Group_12_Group_Team_Organized_Group_12_345.jpg
26,1.0,12_Group_Large_Group_12_Group_Large_Group_12_204.jpg
27,2.0,12_Group_Team_Organized_Group_12_Group_Team_Organized_Group_12_1002.jpg
28,1.0,12_Group_Large_Group_12_Group_Large_Group_12_728.jpg
29,4.0,12_Group_Team_Organized_Group_12_Group_Team_Organized_Group_12_289.jpg
30,2.0,12_Group_Large_Group_12_Group_Large_Group_12_513.jpg
31,0.0,12_Group_Large_Group_12_Group_Large_Group_12_474.jpg
32,44.0,12_Group_Large_Group_12_Group_Large_Group_12_285.jpg
33,11.0,12_Group_Team_Organized_Group_12_Group_Team_Organized_Group_12_45.jpg
34,2.0,12_Group_Team_Organized_Group_12_Group_Team_Organized_Group_12_547.jpg
35,0.0,12_Group_Large_Group_12_Group_Large_Group_12_761.jpg
36,14.0,12_Group_Large_Group_12_Group_Large_Group_12_401.jpg
37,6.0,12_Group_Large_Group_12_Group_Large_Group_12_34.jpg
38,6.0,12_Group_Group_12_Group_Group_12_138.jpg
39,71.0,12_Group_Large_Group_12_Group_Large_Group_12_1.jpg
40,5.0,12_Group_Large_Group_12_Group_Large_Group_12_402.jpg
41,8.0,12_Group_Group_12_Group_Group_12_125.jpg
42,26.0,12_Group_Large_Group_12_Group_Large_Group_12_225.jpg
43,60.0,12_Group_Large_Group_12_Group_Large_Group_12_128.jpg
44,1.0,12_Group_Team_Organized_Group_12_Group_Team_Organized_Group_12_72.jpg
45,6.0,12_Group_Large_Group_12_Group_Large_Group_12_232.jpg
46,3.0,12_Group_Group_12_Group_Group_12_726.jpg
47,19.0,12_Group_Team_Organized_Group_12_Group_Team_Organized_Group_12_947.jpg
48,2.0,12_Group_Team_Organized_Group_12_Group_Team_Organized_Group_12_760.jpg
49,2.0,12_Group_Group_12_Group_Group_12_371.jpg
50,39.0,12_Group_Group_12_Group_Group_12_239.jpg
51,1.0,12_Group_Team_Organized_Group_12_Group_Team_Organized_Group_12_579.jpg
52,5.0,12_Group_Group_12_Group_Group_12_255.jpg
53,2.0,12_Group_Group_12_Group_Group_12_134.jpg
54,25.0,12_Group_Group_12_Group_Group_12_120.jpg
55,1.0,12_Group_Team_Organized_Group_12_Group_Team_Organized_Group_12_755.jpg
56,8.0,12_Group_Team_Organized_Group_12_Group_Team_Organized_Group_12_514.jpg
57,2.0,12_Group_Team_Organized_Group_12_Group_Team_Organized_Group_12_1022.jpg
58,11.0,12_Group_Large_Group_12_Group_Large_Group_12_106.jpg
59,5.0,12_Group_Group_12_Group_Group_12_366.jpg
60,1.0,12_Group_Team_Organized_Group_12_Group_Team_Organized_Group_12_896.jpg
61,34.0,12_Group_Large_Group_12_Group_Large_Group_12_9.jpg
62,39.0,12_Group_Group_12_Group_Group_12_107.jpg
63,5.0,12_Group_Group_12_Group_Group_12_461.jpg
64,18.0,12_Group_Group_12_Group_Group_12_6.jpg
65,2.0,12_Group_Large_Group_12_Group_Large_Group_12_215.jpg
66,3.0,12_Group_Group_12_Group_Group_12_326.jpg
67,10.0,12_Group_Large_Group_12_Group_Large_Group_12_115.jpg
68,10.0,12_Group_Large_Group_12_Group_Large_Group_12_258.jpg
69,8.0,12_Group_Group_12_Group_Group_12_43.jpg
70,5.0,12_Group_Team_Organized_Group_12_Group_Team_Organized_Group_12_831.jpg
71,1.0,12_Group_Large_Group_12_Group_Large_Group_12_306.jpg
72,7.0,12_Group_Team_Organized_Group_12_Group_Team_Organized_Group_12_493.jpg
73,77.0,12_Group_Group_12_Group_Group_12_166.jpg
74,12.0,12_Group_Team_Organized_Group_12_Group_Team_Organized_Group_12_691.jpg
75,12.0,12_Group_Group_12_Group_Group_12_1048.jpg
76,0.0,12_Group_Group_12_Group_Group_12_742.jpg
77,3.0,12_Group_Large_Group_12_Group_Large_Group_12_374.jpg
78,2.0,12_Group_Team_Organized_Group_12_Group_Team_Organized_Group_12_93.jpg
79,0.0,12_Group_Large_Group_12_Group_Large_Group_12_542.jpg
80,9.0,12_Group_Team_Organized_Group_12_Group_Team_Organized_Group_12_85.jpg
81,1.0,12_Group_Large_Group_12_Group_Large_Group_12_895.jpg
82,13.0,12_Group_Large_Group_12_Group_Large_Group_12_8.jpg
83,1.0,12_Group_Large_Group_12_Group_Large_Group_12_732.jpg
84,21.0,12_Group_Team_Organized_Group_12_Group_Team_Organized_Group_12_821.jpg
85,1.0,12_Group_Team_Organized_Group_12_Group_Team_Organized_Group_12_476.jpg
86,10.0,12_Group_Group_12_Group_Group_12_194.jpg
87,33.0,12_Group_Large_Group_12_Group_Large_Group_12_223.jpg
88,0.0,12_Group_Team_Organized_Group_12_Group_Team_Organized_Group_12_113.jpg
89,3.0,12_Group_Team_Organized_Group_12_Group_Team_Organized_Group_12_890.jpg
90,2.0,12_Group_Team_Organized_Group_12_Group_Team_Organized_Group_12_95.jpg
91,2.0,12_Group_Group_12_Group_Group_12_1039.jpg
92,4.0,12_Group_Large_Group_12_Group_Large_Group_12_440.jpg
93,2.0,12_Group_Large_Group_12_Group_Large_Group_12_1022.jpg
94,21.0,12_Group_Large_Group_12_Group_Large_Group_12_40.jpg
95,3.0,12_Group_Large_Group_12_Group_Large_Group_12_816.jpg
96,0.0,12_Group_Team_Organized_Group_12_Group_Team_Organized_Group_12_4.jpg
97,3.0,12_Group_Team_Organized_Group_12_Group_Team_Organized_Group_12_633.jpg
98,4.0,12_Group_Group_12_Group_Group_12_466.jpg
99,0.0,12_Group_Large_Group_12_Group_Large_Group_12_711.jpg
100,15.0,12_Group_Group_12_Group_Group_12_212.jpg
101,41.0,12_Group_Large_Group_12_Group_Large_Group_12_60.jpg
102,0.0,12_Group_Team_Organized_Group_12_Group_Team_Organized_Group_12_885.jpg
103,14.0,12_Group_Team_Organized_Group_12_Group_Team_Organized_Group_12_744.jpg
104,12.0,12_Group_Team_Organized_Group_12_Group_Team_Organized_Group_12_74.jpg
105,56.0,12_Group_Group_12_Group_Group_12_128.jpg
106,13.0,12_Group_Team_Organized_Group_12_Group_Team_Organized_Group_12_670.jpg
107,2.0,12_Group_Group_12_Group_Group_12_177.jpg
108,1.0,12_Group_Team_Organized_Group_12_Group_Team_Organized_Group_12_609.jpg
109,4.0,12_Group_Group_12_Group_Group_12_34.jpg
110,3.0,12_Group_Group_12_Group_Group_12_775.jpg
111,1.0,12_Group_Team_Organized_Group_12_Group_Team_Organized_Group_12_296.jpg
112,16.0,12_Group_Group_12_Group_Group_12_240.jpg
113,1.0,12_Group_Group_12_Group_Group_12_653.jpg
114,5.0,12_Group_Large_Group_12_Group_Large_Group_12_195.jpg
115,7.0,12_Group_Group_12_Group_Group_12_571.jpg
116,14.0,12_Group_Team_Organized_Group_12_Group_Team_Organized_Group_12_646.jpg
117,2.0,12_Group_Large_Group_12_Group_Large_Group_12_659.jpg
118,6.0,12_Group_Group_12_Group_Group_12_30.jpg
119,0.0,12_Group_Team_Organized_Group_12_Group_Team_Organized_Group_12_114.jpg
120,3.0,12_Group_Team_Organized_Group_12_Group_Team_Organized_Group_12_1014.jpg
121,4.0,12_Group_Group_12_Group_Group_12_448.jpg
122,3.0,12_Group_Team_Organized_Group_12_Group_Team_Organized_Group_12_370.jpg
123,1.0,12_Group_Large_Group_12_Group_Large_Group_12_576.jpg
124,0.0,12_Group_Large_Group_12_Group_Large_Group_12_163.jpg
125,10.0,12_Group_Group_12_Group_Group_12_196.jpg
126,4.0,12_Group_Large_Group_12_Group_Large_Group_12_209.jpg
127,1.0,12_Group_Group_12_Group_Group_12_852.jpg
128,1.0,12_Group_Large_Group_12_Group_Large_Group_12_951.jpg
129,0.0,12_Group_Team_Organized_Group_12_Group_Team_Organized_Group_12_443.jpg
130,1.0,12_Group_Team_Organized_Group_12_Group_Team_Organized_Group_12_578.jpg
131,21.0,12_Group_Large_Group_12_Group_Large_Group_12_50.jpg
132,0.0,12_Group_Team_Organized_Group_12_Group_Team_Organized_Group_12_1009.jpg
133,0.0,12_Group_Group_12_Group_Group_12_502.jpg
134,3.0,12_Group_Team_Organized_Group_12_Group_Team_Organized_Group_12_746.jpg
135,3.0,12_Group_Team_Organized_Group_12_Group_Team_Organized_Group_12_135.jpg
136,1.0,12_Group_Team_Organized_Group_12_Group_Team_Organized_Group_12_768.jpg
137,3.0,12_Group_Group_12_Group_Group_12_693.jpg
138,2.0,12_Group_Large_Group_12_Group_Large_Group_12_560.jpg
139,6.0,12_Group_Group_12_Group_Group_12_129.jpg
140,4.0,12_Group_Group_12_Group_Group_12_709.jpg
141,73.0,12_Group_Large_Group_12_Group_Large_Group_12_2.jpg
142,96.0,12_Group_Large_Group_12_Group_Large_Group_12_7.jpg
143,7.0,12_Group_Team_Organized_Group_12_Group_Team_Organized_Group_12_54.jpg
144,1.0,12_Group_Team_Organized_Group_12_Group_Team_Organized_Group_12_478.jpg
145,9.0,12_Group_Team_Organized_Group_12_Group_Team_Organized_Group_12_705.jpg
146,8.0,12_Group_Large_Group_12_Group_Large_Group_12_277.jpg
147,21.0,12_Group_Team_Organized_Group_12_Group_Team_Organized_Group_12_121.jpg
148,1.0,12_Group_Group_12_Group_Group_12_804.jpg
149,3.0,12_Group_Large_Group_12_Group_Large_Group_12_321.jpg
150,1.0,12_Group_Team_Organized_Group_12_Group_Team_Organized_Group_12_124.jpg
151,4.0,12_Group_Large_Group_12_Group_Large_Group_12_874.jpg
152,21.0,12_Group_Group_12_Group_Group_12_549.jpg
153,7.0,12_Group_Large_Group_12_Group_Large_Group_12_863.jpg
154,14.0,12_Group_Group_12_Group_Group_12_591.jpg
155,27.0,12_Group_Team_Organized_Group_12_Group_Team_Organized_Group_12_179.jpg
156,6.0,12_Group_Group_12_Group_Group_12_226.jpg
157,7.0,12_Group_Group_12_Group_Group_12_283.jpg
158,2.0,12_Group_Group_12_Group_Group_12_482.jpg
159,11.0,12_Group_Group_12_Group_Group_12_455.jpg
160,0.0,12_Group_Group_12_Group_Group_12_1029.jpg
161,1.0,12_Group_Large_Group_12_Group_Large_Group_12_792.jpg
162,3.0,12_Group_Group_12_Group_Group_12_962.jpg
163,9.0,12_Group_Group_12_Group_Group_12_314.jpg
164,6.0,12_Group_Team_Organized_Group_12_Group_Team_Organized_Group_12_265.jpg
165,0.0,12_Group_Large_Group_12_Group_Large_Group_12_880.jpg
166,6.0,12_Group_Group_12_Group_Group_12_110.jpg
167,0.0,12_Group_Large_Group_12_Group_Large_Group_12_84.jpg
168,11.0,12_Group_Large_Group_12_Group_Large_Group_12_156.jpg
169,0.0,12_Group_Team_Organized_Group_12_Group_Team_Organized_Group_12_424.jpg
170,23.0,12_Group_Group_12_Group_Group_12_682.jpg
171,25.0,12_Group_Large_Group_12_Group_Large_Group_12_314.jpg
172,29.0,12_Group_Large_Group_12_Group_Large_Group_12_80.jpg
173,13.0,12_Group_Group_12_Group_Group_12_57.jpg
174,7.0,12_Group_Group_12_Group_Group_12_64.jpg
175,7.0,12_Group_Large_Group_12_Group_Large_Group_12_881.jpg
176,4.0,12_Group_Large_Group_12_Group_Large_Group_12_927.jpg
177,19.0,12_Group_Large_Group_12_Group_Large_Group_12_56.jpg
178,1.0,12_Group_Large_Group_12_Group_Large_Group_12_681.jpg
179,20.0,12_Group_Group_12_Group_Group_12_139.jpg
180,1.0,12_Group_Large_Group_12_Group_Large_Group_12_1015.jpg
181,16.0,12_Group_Large_Group_12_Group_Large_Group_12_74.jpg
182,0.0,12_Group_Team_Organized_Group_12_Group_Team_Organized_Group_12_910.jpg
183,1.0,12_Group_Group_12_Group_Group_12_173.jpg
184,17.0,12_Group_Group_12_Group_Group_12_145.jpg
185,5.0,12_Group_Large_Group_12_Group_Large_Group_12_269.jpg
186,7.0,12_Group_Large_Group_12_Group_Large_Group_12_62.jpg
187,29.0,12_Group_Large_Group_12_Group_Large_Group_12_517.jpg
188,5.0,12_Group_Large_Group_12_Group_Large_Group_12_287.jpg
189,71.0,12_Group_Group_12_Group_Group_12_287.jpg
190,5.0,12_Group_Large_Group_12_Group_Large_Group_12_57.jpg
191,12.0,12_Group_Group_12_Group_Group_12_265.jpg
192,1.0,12_Group_Large_Group_12_Group_Large_Group_12_430.jpg
193,8.0,12_Group_Group_12_Group_Group_12_751.jpg
194,10.0,12_Group_Large_Group_12_Group_Large_Group_12_160.jpg
195,1.0,12_Group_Large_Group_12_Group_Large_Group_12_894.jpg
196,10.0,12_Group_Group_12_Group_Group_12_438.jpg
197,18.0,12_Group_Team_Organized_Group_12_Group_Team_Organized_Group_12_401.jpg
198,1.0,12_Group_Group_12_Group_Group_12_224.jpg
199,0.0,12_Group_Large_Group_12_Group_Large_Group_12_350.jpg
200,1.0,12_Group_Group_12_Group_Group_12_342.jpg
201,24.0,12_Group_Group_12_Group_Group_12_483.jpg
202,6.0,12_Group_Large_Group_12_Group_Large_Group_12_406.jpg
203,19.0,12_Group_Group_12_Group_Group_12_561.jpg
204,20.0,12_Group_Group_12_Group_Group_12_27.jpg
205,6.0,12_Group_Team_Organized_Group_12_Group_Team_Organized_Group_12_347.jpg
206,2.0,12_Group_Team_Organized_Group_12_Group_Team_Organized_Group_12_532.jpg
207,0.0,12_Group_Team_Organized_Group_12_Group_Team_Organized_Group_12_257.jpg
208,29.0,12_Group_Large_Group_12_Group_Large_Group_12_397.jpg
209,16.0,12_Group_Group_12_Group_Group_12_847.jpg
210,2.0,12_Group_Large_Group_12_Group_Large_Group_12_514.jpg
211,14.0,12_Group_Group_12_Group_Group_12_408.jpg
212,9.0,12_Group_Group_12_Group_Group_12_19.jpg
213,3.0,12_Group_Large_Group_12_Group_Large_Group_12_437.jpg
214,7.0,12_Group_Group_12_Group_Group_12_394.jpg
215,4.0,12_Group_Group_12_Group_Group_12_689.jpg
216,1.0,12_Group_Group_12_Group_Group_12_808.jpg
217,0.0,12_Group_Team_Organized_Group_12_Group_Team_Organized_Group_12_194.jpg
218,0.0,12_Group_Large_Group_12_Group_Large_Group_12_146.jpg
219,1.0,12_Group_Team_Organized_Group_12_Group_Team_Organized_Group_12_339.jpg
220,2.0,12_Group_Large_Group_12_Group_Large_Group_12_105.jpg
221,2.0,12_Group_Large_Group_12_Group_Large_Group_12_734.jpg
222,2.0,12_Group_Group_12_Group_Group_12_687.jpg
223,1.0,12_Group_Group_12_Group_Group_12_612.jpg
224,4.0,12_Group_Large_Group_12_Group_Large_Group_12_284.jpg
225,0.0,12_Group_Large_Group_12_Group_Large_Group_12_857.jpg
226,22.0,12_Group_Group_12_Group_Group_12_333.jpg
227,0.0,12_Group_Large_Group_12_Group_Large_Group_12_602.jpg
228,4.0,12_Group_Team_Organized_Group_12_Group_Team_Organized_Group_12_423.jpg
229,0.0,12_Group_Team_Organized_Group_12_Group_Team_Organized_Group_12_303.jpg
230,1.0,12_Group_Group_12_Group_Group_12_937.jpg
231,12.0,12_Group_Group_12_Group_Group_12_117.jpg
232,0.0,12_Group_Group_12_Group_Group_12_572.jpg
233,5.0,12_Group_Team_Organized_Group_12_Group_Team_Organized_Group_12_338.jpg
234,7.0,12_Group_Large_Group_12_Group_Large_Group_12_438.jpg
235,2.0,12_Group_Large_Group_12_Group_Large_Group_12_237.jpg
236,3.0,12_Group_Large_Group_12_Group_Large_Group_12_641.jpg
237,1.0,12_Group_Team_Organized_Group_12_Group_Team_Organized_Group_12_654.jpg
238,1.0,12_Group_Team_Organized_Group_12_Group_Team_Organized_Group_12_804.jpg
239,3.0,12_Group_Group_12_Group_Group_12_435.jpg
240,30.0,12_Group_Team_Organized_Group_12_Group_Team_Organized_Group_12_361.jpg
241,5.0,12_Group_Group_12_Group_Group_12_94.jpg
242,12.0,12_Group_Team_Organized_Group_12_Group_Team_Organized_Group_12_484.jpg
243,8.0,12_Group_Group_12_Group_Group_12_647.jpg
244,12.0,12_Group_Group_12_Group_Group_12_581.jpg
245,3.0,12_Group_Group_12_Group_Group_12_266.jpg
246,6.0,12_Group_Large_Group_12_Group_Large_Group_12_28.jpg
247,5.0,12_Group_Large_Group_12_Group_Large_Group_12_348.jpg
248,11.0,12_Group_Group_12_Group_Group_12_303.jpg
249,7.0,12_Group_Large_Group_12_Group_Large_Group_12_421.jpg
250,1.0,12_Group_Group_12_Group_Group_12_1033.jpg
251,12.0,12_Group_Group_12_Group_Group_12_167.jpg
252,3.0,12_Group_Team_Organized_Group_12_Group_Team_Organized_Group_12_413.jpg
253,9.0,12_Group_Group_12_Group_Group_12_214.jpg
254,0.0,12_Group_Team_Organized_Group_12_Group_Team_Organized_Group_12_432.jpg
255,2.0,12_Group_Group_12_Group_Group_12_621.jpg
256,4.0,12_Group_Large_Group_12_Group_Large_Group_12_36.jpg
257,0.0,12_Group_Team_Organized_Group_12_Group_Team_Organized_Group_12_39.jpg
258,10.0,12_Group_Group_12_Group_Group_12_159.jpg
259,1.0,12_Group_Large_Group_12_Group_Large_Group_12_779.jpg
260,0.0,12_Group_Large_Group_12_Group_Large_Group_12_71.jpg
261,1.0,12_Group_Group_12_Group_Group_12_830.jpg
262,0.0,12_Group_Group_12_Group_Group_12_694.jpg
263,9.0,12_Group_Large_Group_12_Group_Large_Group_12_140.jpg
264,7.0,12_Group_Group_12_Group_Group_12_475.jpg
265,23.0,12_Group_Group_12_Group_Group_12_76.jpg
266,8.0,12_Group_Team_Organized_Group_12_Group_Team_Organized_Group_12_483.jpg
267,6.0,12_Group_Large_Group_12_Group_Large_Group_12_289.jpg
268,4.0,12_Group_Group_12_Group_Group_12_291.jpg
269,50.0,12_Group_Large_Group_12_Group_Large_Group_12_131.jpg
270,7.0,12_Group_Team_Organized_Group_12_Group_Team_Organized_Group_12_376.jpg
271,2.0,12_Group_Team_Organized_Group_12_Group_Team_Organized_Group_12_1045.jpg
272,2.0,12_Group_Team_Organized_Group_12_Group_Team_Organized_Group_12_942.jpg
273,0.0,12_Group_Team_Organized_Group_12_Group_Team_Organized_Group_12_757.jpg
274,3.0,12_Group_Large_Group_12_Group_Large_Group_12_388.jpg
275,25.0,12_Group_Team_Organized_Group_12_Group_Team_Organized_Group_12_366.jpg
276,4.0,12_Group_Group_12_Group_Group_12_819.jpg
277,21.0,12_Group_Large_Group_12_Group_Large_Group_12_272.jpg
278,6.0,12_Group_Team_Organized_Group_12_Group_Team_Organized_Group_12_1018.jpg
279,2.0,12_Group_Team_Organized_Group_12_Group_Team_Organized_Group_12_743.jpg
280,1.0,12_Group_Team_Organized_Group_12_Group_Team_Organized_Group_12_749.jpg
281,2.0,12_Group_Team_Organized_Group_12_Group_Team_Organized_Group_12_103.jpg
282,6.0,12_Group_Large_Group_12_Group_Large_Group_12_316.jpg
283,19.0,12_Group_Team_Organized_Group_12_Group_Team_Organized_Group_12_576.jpg
284,27.0,12_Group_Team_Organized_Group_12_Group_Team_Organized_Group_12_822.jpg
285,16.0,12_Group_Team_Organized_Group_12_Group_Team_Organized_Group_12_531.jpg
286,3.0,12_Group_Team_Organized_Group_12_Group_Team_Organized_Group_12_204.jpg
287,4.0,12_Group_Team_Organized_Group_12_Group_Team_Organized_Group_12_170.jpg
288,2.0,12_Group_Team_Organized_Group_12_Group_Team_Organized_Group_12_47.jpg
289,7.0,12_Group_Large_Group_12_Group_Large_Group_12_353.jpg
290,14.0,12_Group_Large_Group_12_Group_Large_Group_12_186.jpg
291,8.0,12_Group_Group_12_Group_Group_12_3.jpg
292,3.0,12_Group_Group_12_Group_Group_12_410.jpg
293,3.0,12_Group_Group_12_Group_Group_12_92.jpg
294,5.0,12_Group_Large_Group_12_Group_Large_Group_12_620.jpg
295,41.0,12_Group_Team_Organized_Group_12_Group_Team_Organized_Group_12_243.jpg
296,2.0,12_Group_Team_Organized_Group_12_Group_Team_Organized_Group_12_664.jpg
297,4.0,12_Group_Group_12_Group_Group_12_298.jpg
298,1.0,12_Group_Team_Organized_Group_12_Group_Team_Organized_Group_12_908.jpg
299,2.0,12_Group_Team_Organized_Group_12_Group_Team_Organized_Group_12_703.jpg
300,2.0,12_Group_Team_Organized_Group_12_Group_Team_Organized_Group_12_645.jpg
301,0.0,12_Group_Large_Group_12_Group_Large_Group_12_686.jpg
302,17.0,12_Group_Group_12_Group_Group_12_96.jpg
303,4.0,12_Group_Team_Organized_Group_12_Group_Team_Organized_Group_12_426.jpg
304,1.0,12_Group_Team_Organized_Group_12_Group_Team_Organized_Group_12_9.jpg
305,1.0,12_Group_Large_Group_12_Group_Large_Group_12_645.jpg
306,21.0,12_Group_Large_Group_12_Group_Large_Group_12_134.jpg
307,6.0,12_Group_Team_Organized_Group_12_Group_Team_Organized_Group_12_8.jpg
308,14.0,12_Group_Team_Organized_Group_12_Group_Team_Organized_Group_12_237.jpg
309,5.0,12_Group_Group_12_Group_Group_12_213.jpg
310,22.0,12_Group_Group_12_Group_Group_12_762.jpg
311,47.0,12_Group_Group_12_Group_Group_12_666.jpg
312,1.0,12_Group_Large_Group_12_Group_Large_Group_12_657.jpg
313,7.0,12_Group_Large_Group_12_Group_Large_Group_12_515.jpg
314,5.0,12_Group_Large_Group_12_Group_Large_Group_12_394.jpg
315,1.0,12_Group_Group_12_Group_Group_12_126.jpg
316,13.0,12_Group_Large_Group_12_Group_Large_Group_12_16.jpg
317,6.0,12_Group_Large_Group_12_Group_Large_Group_12_291.jpg
318,2.0,12_Group_Large_Group_12_Group_Large_Group_12_351.jpg
319,11.0,12_Group_Team_Organized_Group_12_Group_Team_Organized_Group_12_887.jpg
320,2.0,12_Group_Group_12_Group_Group_12_381.jpg
321,2.0,12_Group_Group_12_Group_Group_12_1009.jpg
322,35.0,12_Group_Group_12_Group_Group_12_907.jpg
323,3.0,12_Group_Large_Group_12_Group_Large_Group_12_500.jpg
324,3.0,12_Group_Team_Organized_Group_12_Group_Team_Organized_Group_12_721.jpg
325,6.0,12_Group_Team_Organized_Group_12_Group_Team_Organized_Group_12_382.jpg
326,16.0,12_Group_Team_Organized_Group_12_Group_Team_Organized_Group_12_208.jpg
327,5.0,12_Group_Team_Organized_Group_12_Group_Team_Organized_Group_12_217.jpg
328,1.0,12_Group_Team_Organized_Group_12_Group_Team_Organized_Group_12_590.jpg
329,3.0,12_Group_Team_Organized_Group_12_Group_Team_Organized_Group_12_603.jpg
330,27.0,12_Group_Team_Organized_Group_12_Group_Team_Organized_Group_12_248.jpg
331,3.0,12_Group_Team_Organized_Group_12_Group_Team_Organized_Group_12_201.jpg
332,20.0,12_Group_Group_12_Group_Group_12_377.jpg
333,2.0,12_Group_Team_Organized_Group_12_Group_Team_Organized_Group_12_669.jpg
334,9.0,12_Group_Group_12_Group_Group_12_260.jpg
335,14.0,12_Group_Group_12_Group_Group_12_216.jpg
336,9.0,12_Group_Group_12_Group_Group_12_135.jpg
337,2.0,12_Group_Team_Organized_Group_12_Group_Team_Organized_Group_12_505.jpg
338,17.0,12_Group_Team_Organized_Group_12_Group_Team_Organized_Group_12_34.jpg
339,6.0,12_Group_Group_12_Group_Group_12_185.jpg
340,20.0,12_Group_Group_12_Group_Group_12_252.jpg
341,2.0,12_Group_Team_Organized_Group_12_Group_Team_Organized_Group_12_387.jpg
342,14.0,12_Group_Large_Group_12_Group_Large_Group_12_663.jpg
343,78.0,12_Group_Large_Group_12_Group_Large_Group_12_3.jpg
344,3.0,12_Group_Large_Group_12_Group_Large_Group_12_449.jpg
345,0.0,12_Group_Group_12_Group_Group_12_626.jpg
346,1.0,12_Group_Group_12_Group_Group_12_681.jpg
347,0.0,12_Group_Group_12_Group_Group_12_601.jpg
348,1.0,12_Group_Team_Organized_Group_12_Group_Team_Organized_Group_12_542.jpg
349,0.0,12_Group_Group_12_Group_Group_12_479.jpg
350,2.0,12_Group_Group_12_Group_Group_12_444.jpg
351,8.0,12_Group_Team_Organized_Group_12_Group_Team_Organized_Group_12_185.jpg
352,3.0,12_Group_Group_12_Group_Group_12_65.jpg
353,54.0,12_Group_Group_12_Group_Group_12_436.jpg
354,10.0,12_Group_Large_Group_12_Group_Large_Group_12_33.jpg
355,1.0,12_Group_Team_Organized_Group_12_Group_Team_Organized_Group_12_136.jpg
356,28.0,12_Group_Large_Group_12_Group_Large_Group_12_59.jpg
357,0.0,12_Group_Team_Organized_Group_12_Group_Team_Organized_Group_12_425.jpg
358,15.0,12_Group_Team_Organized_Group_12_Group_Team_Organized_Group_12_62.jpg
359,0.0,12_Group_Team_Organized_Group_12_Group_Team_Organized_Group_12_453.jpg
360,1.0,12_Group_Team_Organized_Group_12_Group_Team_Organized_Group_12_620.jpg
361,8.0,12_Group_Group_12_Group_Group_12_400.jpg
362,2.0,12_Group_Group_12_Group_Group_12_743.jpg
363,1.0,12_Group_Team_Organized_Group_12_Group_Team_Organized_Group_12_107.jpg
364,0.0,12_Group_Team_Organized_Group_12_Group_Team_Organized_Group_12_971.jpg
365,15.0,12_Group_Group_12_Group_Group_12_56.jpg
366,11.0,12_Group_Team_Organized_Group_12_Group_Team_Organized_Group_12_534.jpg
367,4.0,12_Group_Team_Organized_Group_12_Group_Team_Organized_Group_12_314.jpg
368,2.0,12_Group_Large_Group_12_Group_Large_Group_12_383.jpg
369,1.0,12_Group_Large_Group_12_Group_Large_Group_12_875.jpg
370,77.0,12_Group_Large_Group_12_Group_Large_Group_12_555.jpg
371,2.0,12_Group_Large_Group_12_Group_Large_Group_12_623.jpg
372,0.0,12_Group_Large_Group_12_Group_Large_Group_12_781.jpg
373,14.0,12_Group_Group_12_Group_Group_12_207.jpg
374,1.0,12_Group_Large_Group_12_Group_Large_Group_12_362.jpg
375,2.0,12_Group_Team_Organized_Group_12_Group_Team_Organized_Group_12_588.jpg
376,17.0,12_Group_Group_12_Group_Group_12_672.jpg
377,1.0,12_Group_Team_Organized_Group_12_Group_Team_Organized_Group_12_343.jpg
378,1.0,12_Group_Group_12_Group_Group_12_936.jpg
379,31.0,12_Group_Large_Group_12_Group_Large_Group_12_168.jpg
380,1.0,12_Group_Team_Organized_Group_12_Group_Team_Organized_Group_12_764.jpg
381,5.0,12_Group_Group_12_Group_Group_12_23.jpg
382,9.0,12_Group_Group_12_Group_Group_12_351.jpg
383,5.0,12_Group_Group_12_Group_Group_12_497.jpg
384,1.0,12_Group_Team_Organized_Group_12_Group_Team_Organized_Group_12_467.jpg
385,18.0,12_Group_Group_12_Group_Group_12_232.jpg
386,11.0,12_Group_Group_12_Group_Group_12_32.jpg
387,18.0,12_Group_Group_12_Group_Group_12_796.jpg
388,2.0,12_Group_Team_Organized_Group_12_Group_Team_Organized_Group_12_941.jpg
389,23.0,12_Group_Team_Organized_Group_12_Group_Team_Organized_Group_12_555.jpg
390,1.0,12_Group_Large_Group_12_Group_Large_Group_12_618.jpg
391,1.0,12_Group_Group_12_Group_Group_12_544.jpg
392,0.0,12_Group_Team_Organized_Group_12_Group_Team_Organized_Group_12_982.jpg
393,23.0,12_Group_Large_Group_12_Group_Large_Group_12_224.jpg
394,0.0,12_Group_Team_Organized_Group_12_Group_Team_Organized_Group_12_56.jpg
395,13.0,12_Group_Team_Organized_Group_12_Group_Team_Organized_Group_12_444.jpg
396,17.0,12_Group_Group_12_Group_Group_12_362.jpg
397,1.0,12_Group_Team_Organized_Group_12_Group_Team_Organized_Group_12_677.jpg
398,0.0,12_Group_Team_Organized_Group_12_Group_Team_Organized_Group_12_826.jpg
399,4.0,12_Group_Group_12_Group_Group_12_158.jpg
400,51.0,12_Group_Large_Group_12_Group_Large_Group_12_37.jpg
401,0.0,12_Group_Team_Organized_Group_12_Group_Team_Organized_Group_12_638.jpg
402,21.0,12_Group_Group_12_Group_Group_12_26.jpg
403,5.0,12_Group_Team_Organized_Group_12_Group_Team_Organized_Group_12_565.jpg
404,2.0,12_Group_Group_12_Group_Group_12_792.jpg
405,5.0,12_Group_Team_Organized_Group_12_Group_Team_Organized_Group_12_448.jpg
406,0.0,12_Group_Large_Group_12_Group_Large_Group_12_396.jpg
407,21.0,12_Group_Team_Organized_Group_12_Group_Team_Organized_Group_12_681.jpg
408,34.0,12_Group_Group_12_Group_Group_12_769.jpg
409,7.0,12_Group_Team_Organized_Group_12_Group_Team_Organized_Group_12_457.jpg
410,2.0,12_Group_Team_Organized_Group_12_Group_Team_Organized_Group_12_288.jpg
411,33.0,12_Group_Group_12_Group_Group_12_9.jpg
412,22.0,12_Group_Group_12_Group_Group_12_562.jpg
413,1.0,12_Group_Team_Organized_Group_12_Group_Team_Organized_Group_12_29.jpg
414,1.0,12_Group_Large_Group_12_Group_Large_Group_12_1045.jpg
415,23.0,12_Group_Team_Organized_Group_12_Group_Team_Organized_Group_12_92.jpg
416,20.0,12_Group_Group_12_Group_Group_12_495.jpg
417,27.0,12_Group_Large_Group_12_Group_Large_Group_12_12.jpg
418,7.0,12_Group_Team_Organized_Group_12_Group_Team_Organized_Group_12_779.jpg
419,11.0,12_Group_Group_12_Group_Group_12_143.jpg
420,8.0,12_Group_Large_Group_12_Group_Large_Group_12_175.jpg
421,1.0,12_Group_Group_12_Group_Group_12_437.jpg
422,1.0,12_Group_Team_Organized_Group_12_Group_Team_Organized_Group_12_884.jpg
423,5.0,12_Group_Large_Group_12_Group_Large_Group_12_634.jpg
424,12.0,12_Group_Large_Group_12_Group_Large_Group_12_127.jpg
425,1.0,12_Group_Team_Organized_Group_12_Group_Team_Organized_Group_12_635.jpg
426,7.0,12_Group_Group_12_Group_Group_12_50.jpg
427,4.0,12_Group_Team_Organized_Group_12_Group_Team_Organized_Group_12_356.jpg
428,10.0,12_Group_Team_Organized_Group_12_Group_Team_Organized_Group_12_38.jpg
429,8.0,12_Group_Team_Organized_Group_12_Group_Team_Organized_Group_12_599.jpg
430,12.0,12_Group_Team_Organized_Group_12_Group_Team_Organized_Group_12_750.jpg
431,15.0,12_Group_Group_12_Group_Group_12_307.jpg
432,4.0,12_Group_Team_Organized_Group_12_Group_Team_Organized_Group_12_416.jpg
433,0.0,12_Group_Team_Organized_Group_12_Group_Team_Organized_Group_12_627.jpg
434,4.0,12_Group_Group_12_Group_Group_12_730.jpg
435,2.0,12_Group_Large_Group_12_Group_Large_Group_12_465.jpg
436,24.0,12_Group_Group_12_Group_Group_12_905.jpg
437,1.0,12_Group_Team_Organized_Group_12_Group_Team_Organized_Group_12_154.jpg
438,4.0,12_Group_Team_Organized_Group_12_Group_Team_Organized_Group_12_870.jpg
439,30.0,12_Group_Large_Group_12_Group_Large_Group_12_331.jpg
440,4.0,12_Group_Group_12_Group_Group_12_181.jpg
441,1.0,12_Group_Team_Organized_Group_12_Group_Team_Organized_Group_12_888.jpg
442,9.0,12_Group_Group_12_Group_Group_12_150.jpg
443,31.0,12_Group_Team_Organized_Group_12_Group_Team_Organized_Group_12_254.jpg
444,29.0,12_Group_Group_12_Group_Group_12_154.jpg
445,13.0,12_Group_Group_12_Group_Group_12_39.jpg
446,9.0,12_Group_Large_Group_12_Group_Large_Group_12_486.jpg
447,0.0,12_Group_Large_Group_12_Group_Large_Group_12_945.jpg
448,7.0,12_Group_Team_Organized_Group_12_Group_Team_Organized_Group_12_173.jpg
449,26.0,12_Group_Group_12_Group_Group_12_157.jpg
450,5.0,12_Group_Group_12_Group_Group_12_833.jpg
451,5.0,12_Group_Group_12_Group_Group_12_311.jpg
452,0.0,12_Group_Team_Organized_Group_12_Group_Team_Organized_Group_12_106.jpg
453,0.0,12_Group_Group_12_Group_Group_12_468.jpg
454,13.0,12_Group_Group_12_Group_Group_12_588.jpg
455,18.0,12_Group_Group_12_Group_Group_12_413.jpg
456,1.0,12_Group_Group_12_Group_Group_12_729.jpg
457,5.0,12_Group_Team_Organized_Group_12_Group_Team_Organized_Group_12_808.jpg
458,61.0,12_Group_Large_Group_12_Group_Large_Group_12_19.jpg
459,9.0,12_Group_Large_Group_12_Group_Large_Group_12_548.jpg
460,1.0,12_Group_Team_Organized_Group_12_Group_Team_Organized_Group_12_876.jpg
461,10.0,12_Group_Team_Organized_Group_12_Group_Team_Organized_Group_12_143.jpg
462,6.0,12_Group_Team_Organized_Group_12_Group_Team_Organized_Group_12_10.jpg
463,0.0,12_Group_Team_Organized_Group_12_Group_Team_Organized_Group_12_636.jpg
464,3.0,12_Group_Large_Group_12_Group_Large_Group_12_181.jpg
465,13.0,12_Group_Group_12_Group_Group_12_208.jpg
466,1.0,12_Group_Team_Organized_Group_12_Group_Team_Organized_Group_12_513.jpg
467,4.0,12_Group_Group_12_Group_Group_12_113.jpg
468,3.0,12_Group_Large_Group_12_Group_Large_Group_12_349.jpg
469,8.0,12_Group_Team_Organized_Group_12_Group_Team_Organized_Group_12_36.jpg
470,0.0,12_Group_Team_Organized_Group_12_Group_Team_Organized_Group_12_641.jpg
471,6.0,12_Group_Large_Group_12_Group_Large_Group_12_114.jpg
472,1.0,12_Group_Team_Organized_Group_12_Group_Team_Organized_Group_12_125.jpg
473,0.0,12_Group_Team_Organized_Group_12_Group_Team_Organized_Group_12_498.jpg
474,4.0,12_Group_Team_Organized_Group_12_Group_Team_Organized_Group_12_634.jpg
475,3.0,12_Group_Team_Organized_Group_12_Group_Team_Organized_Group_12_487.jpg
476,9.0,12_Group_Group_12_Group_Group_12_63.jpg
477,1.0,12_Group_Group_12_Group_Group_12_826.jpg
478,11.0,12_Group_Team_Organized_Group_12_Group_Team_Organized_Group_12_818.jpg
479,6.0,12_Group_Team_Organized_Group_12_Group_Team_Organized_Group_12_450.jpg
480,21.0,12_Group_Team_Organized_Group_12_Group_Team_Organized_Group_12_228.jpg
481,5.0,12_Group_Team_Organized_Group_12_Group_Team_Organized_Group_12_326.jpg
482,3.0,12_Group_Large_Group_12_Group_Large_Group_12_762.jpg
483,2.0,12_Group_Large_Group_12_Group_Large_Group_12_439.jpg
484,0.0,12_Group_Team_Organized_Group_12_Group_Team_Organized_Group_12_751.jpg
485,0.0,12_Group_Large_Group_12_Group_Large_Group_12_809.jpg
486,1.0,12_Group_Team_Organized_Group_12_Group_Team_Organized_Group_12_724.jpg
487,11.0,12_Group_Large_Group_12_Group_Large_Group_12_101.jpg
488,36.0,12_Group_Group_12_Group_Group_12_250.jpg
489,1.0,12_Group_Large_Group_12_Group_Large_Group_12_492.jpg
490,1.0,12_Group_Large_Group_12_Group_Large_Group_12_484.jpg
491,125.0,12_Group_Group_12_Group_Group_12_169.jpg
492,1.0,12_Group_Team_Organized_Group_12_Group_Team_Organized_Group_12_570.jpg
493,24.0,12_Group_Group_12_Group_Group_12_262.jpg
494,46.0,12_Group_Large_Group_12_Group_Large_Group_12_230.jpg
495,1.0,12_Group_Large_Group_12_Group_Large_Group_12_712.jpg
496,5.0,12_Group_Large_Group_12_Group_Large_Group_12_886.jpg
497,6.0,12_Group_Large_Group_12_Group_Large_Group_12_70.jpg
498,1.0,12_Group_Team_Organized_Group_12_Group_Team_Organized_Group_12_122.jpg
499,3.0,12_Group_Large_Group_12_Group_Large_Group_12_755.jpg
500,13.0,12_Group_Group_12_Group_Group_12_73.jpg
501,1.0,12_Group_Team_Organized_Group_12_Group_Team_Organized_Group_12_775.jpg
502,10.0,12_Group_Team_Organized_Group_12_Group_Team_Organized_Group_12_800.jpg
503,20.0,12_Group_Team_Organized_Group_12_Group_Team_Organized_Group_12_869.jpg
504,3.0,12_Group_Large_Group_12_Group_Large_Group_12_658.jpg
505,26.0,12_Group_Group_12_Group_Group_12_13.jpg
506,1.0,12_Group_Large_Group_12_Group_Large_Group_12_811.jpg
507,2.0,12_Group_Team_Organized_Group_12_Group_Team_Organized_Group_12_475.jpg
508,2.0,12_Group_Team_Organized_Group_12_Group_Team_Organized_Group_12_489.jpg
509,8.0,12_Group_Group_12_Group_Group_12_90.jpg
510,37.0,12_Group_Large_Group_12_Group_Large_Group_12_92.jpg
511,18.0,12_Group_Group_12_Group_Group_12_156.jpg
512,6.0,12_Group_Group_12_Group_Group_12_296.jpg
513,0.0,12_Group_Team_Organized_Group_12_Group_Team_Organized_Group_12_264.jpg
514,1.0,12_Group_Group_12_Group_Group_12_424.jpg
515,6.0,12_Group_Large_Group_12_Group_Large_Group_12_305.jpg
516,1.0,12_Group_Group_12_Group_Group_12_264.jpg
517,3.0,12_Group_Large_Group_12_Group_Large_Group_12_357.jpg
518,1.0,12_Group_Team_Organized_Group_12_Group_Team_Organized_Group_12_933.jpg
519,1.0,12_Group_Large_Group_12_Group_Large_Group_12_373.jpg
520,1.0,12_Group_Large_Group_12_Group_Large_Group_12_769.jpg
521,22.0,12_Group_Team_Organized_Group_12_Group_Team_Organized_Group_12_829.jpg
522,22.0,12_Group_Group_12_Group_Group_12_164.jpg
523,1.0,12_Group_Team_Organized_Group_12_Group_Team_Organized_Group_12_506.jpg
524,14.0,12_Group_Team_Organized_Group_12_Group_Team_Organized_Group_12_656.jpg
525,19.0,12_Group_Group_12_Group_Group_12_82.jpg
526,5.0,12_Group_Large_Group_12_Group_Large_Group_12_41.jpg
527,29.0,12_Group_Team_Organized_Group_12_Group_Team_Organized_Group_12_533.jpg
528,7.0,12_Group_Team_Organized_Group_12_Group_Team_Organized_Group_12_77.jpg
529,5.0,12_Group_Team_Organized_Group_12_Group_Team_Organized_Group_12_318.jpg
530,0.0,12_Group_Large_Group_12_Group_Large_Group_12_748.jpg
531,1.0,12_Group_Team_Organized_Group_12_Group_Team_Organized_Group_12_540.jpg
532,7.0,12_Group_Large_Group_12_Group_Large_Group_12_46.jpg
533,45.0,12_Group_Group_12_Group_Group_12_236.jpg
534,1.0,12_Group_Group_12_Group_Group_12_137.jpg
535,0.0,12_Group_Large_Group_12_Group_Large_Group_12_423.jpg
536,1.0,12_Group_Large_Group_12_Group_Large_Group_12_741.jpg
537,13.0,12_Group_Large_Group_12_Group_Large_Group_12_231.jpg
538,4.0,12_Group_Large_Group_12_Group_Large_Group_12_464.jpg
539,18.0,12_Group_Large_Group_12_Group_Large_Group_12_765.jpg
540,30.0,12_Group_Group_12_Group_Group_12_582.jpg
541,4.0,12_Group_Group_12_Group_Group_12_103.jpg
542,1.0,12_Group_Large_Group_12_Group_Large_Group_12_891.jpg
543,3.0,12_Group_Team_Organized_Group_12_Group_Team_Organized_Group_12_377.jpg
544,31.0,12_Group_Large_Group_12_Group_Large_Group_12_191.jpg
545,2.0,12_Group_Team_Organized_Group_12_Group_Team_Organized_Group_12_606.jpg
546,16.0,12_Group_Group_12_Group_Group_12_343.jpg
547,2.0,12_Group_Large_Group_12_Group_Large_Group_12_764.jpg
548,1.0,12_Group_Large_Group_12_Group_Large_Group_12_275.jpg
549,9.0,12_Group_Group_12_Group_Group_12_118.jpg
550,4.0,12_Group_Group_12_Group_Group_12_335.jpg
551,4.0,12_Group_Group_12_Group_Group_12_485.jpg
552,11.0,12_Group_Group_12_Group_Group_12_639.jpg
553,41.0,12_Group_Team_Organized_Group_12_Group_Team_Organized_Group_12_357.jpg
554,30.0,12_Group_Large_Group_12_Group_Large_Group_12_403.jpg
555,0.0,12_Group_Team_Organized_Group_12_Group_Team_Organized_Group_12_189.jpg
556,0.0,12_Group_Group_12_Group_Group_12_558.jpg
557,8.0,12_Group_Team_Organized_Group_12_Group_Team_Organized_Group_12_33.jpg
558,12.0,12_Group_Group_12_Group_Group_12_782.jpg
559,6.0,12_Group_Group_12_Group_Group_12_557.jpg
560,2.0,12_Group_Team_Organized_Group_12_Group_Team_Organized_Group_12_417.jpg
561,8.0,12_Group_Team_Organized_Group_12_Group_Team_Organized_Group_12_402.jpg
562,5.0,12_Group_Group_12_Group_Group_12_133.jpg
563,11.0,12_Group_Team_Organized_Group_12_Group_Team_Organized_Group_12_359.jpg
564,10.0,12_Group_Group_12_Group_Group_12_21.jpg
565,2.0,12_Group_Team_Organized_Group_12_Group_Team_Organized_Group_12_35.jpg
566,43.0,12_Group_Group_12_Group_Group_12_376.jpg
567,3.0,12_Group_Group_12_Group_Group_12_152.jpg
568,8.0,12_Group_Team_Organized_Group_12_Group_Team_Organized_Group_12_399.jpg
569,10.0,12_Group_Large_Group_12_Group_Large_Group_12_791.jpg
570,4.0,12_Group_Large_Group_12_Group_Large_Group_12_636.jpg
571,21.0,12_Group_Large_Group_12_Group_Large_Group_12_26.jpg
572,1.0,12_Group_Large_Group_12_Group_Large_Group_12_640.jpg
573,16.0,12_Group_Large_Group_12_Group_Large_Group_12_119.jpg
574,6.0,12_Group_Team_Organized_Group_12_Group_Team_Organized_Group_12_26.jpg
575,10.0,12_Group_Large_Group_12_Group_Large_Group_12_206.jpg
576,32.0,12_Group_Group_12_Group_Group_12_211.jpg
577,16.0,12_Group_Team_Organized_Group_12_Group_Team_Organized_Group_12_142.jpg
578,17.0,12_Group_Large_Group_12_Group_Large_Group_12_310.jpg
579,4.0,12_Group_Large_Group_12_Group_Large_Group_12_234.jpg
580,27.0,12_Group_Team_Organized_Group_12_Group_Team_Organized_Group_12_369.jpg
581,7.0,12_Group_Team_Organized_Group_12_Group_Team_Organized_Group_12_936.jpg
582,14.0,12_Group_Group_12_Group_Group_12_8.jpg
583,3.0,12_Group_Large_Group_12_Group_Large_Group_12_704.jpg
584,8.0,12_Group_Team_Organized_Group_12_Group_Team_Organized_Group_12_49.jpg
585,0.0,12_Group_Team_Organized_Group_12_Group_Team_Organized_Group_12_736.jpg
586,3.0,12_Group_Group_12_Group_Group_12_87.jpg
587,53.0,12_Group_Group_12_Group_Group_12_46.jpg
588,27.0,12_Group_Team_Organized_Group_12_Group_Team_Organized_Group_12_116.jpg
589,9.0,12_Group_Group_12_Group_Group_12_430.jpg
590,1.0,12_Group_Team_Organized_Group_12_Group_Team_Organized_Group_12_468.jpg
591,42.0,12_Group_Large_Group_12_Group_Large_Group_12_166.jpg
592,9.0,12_Group_Large_Group_12_Group_Large_Group_12_785.jpg
593,9.0,12_Group_Group_12_Group_Group_12_450.jpg
594,4.0,12_Group_Group_12_Group_Group_12_263.jpg
595,20.0,12_Group_Team_Organized_Group_12_Group_Team_Organized_Group_12_438.jpg
596,39.0,12_Group_Large_Group_12_Group_Large_Group_12_53.jpg
597,0.0,12_Group_Team_Organized_Group_12_Group_Team_Organized_Group_12_673.jpg
598,13.0,12_Group_Group_12_Group_Group_12_151.jpg
599,0.0,12_Group_Large_Group_12_Group_Large_Group_12_573.jpg
600,8.0,12_Group_Large_Group_12_Group_Large_Group_12_549.jpg
601,4.0,12_Group_Group_12_Group_Group_12_171.jpg
602,1.0,12_Group_Team_Organized_Group_12_Group_Team_Organized_Group_12_830.jpg
603,0.0,12_Group_Group_12_Group_Group_12_834.jpg
604,18.0,12_Group_Group_12_Group_Group_12_70.jpg
605,2.0,12_Group_Team_Organized_Group_12_Group_Team_Organized_Group_12_267.jpg
606,15.0,12_Group_Group_12_Group_Group_12_477.jpg
607,2.0,12_Group_Group_12_Group_Group_12_929.jpg
608,1.0,12_Group_Team_Organized_Group_12_Group_Team_Organized_Group_12_346.jpg
609,5.0,12_Group_Team_Organized_Group_12_Group_Team_Organized_Group_12_618.jpg
610,60.0,12_Group_Team_Organized_Group_12_Group_Team_Organized_Group_12_225.jpg
611,1.0,12_Group_Group_12_Group_Group_12_270.jpg
612,8.0,12_Group_Large_Group_12_Group_Large_Group_12_165.jpg
613,1.0,12_Group_Group_12_Group_Group_12_535.jpg
614,0.0,12_Group_Group_12_Group_Group_12_821.jpg
615,4.0,12_Group_Team_Organized_Group_12_Group_Team_Organized_Group_12_873.jpg
616,3.0,12_Group_Large_Group_12_Group_Large_Group_12_271.jpg
617,0.0,12_Group_Group_12_Group_Group_12_259.jpg
618,7.0,12_Group_Group_12_Group_Group_12_95.jpg
619,29.0,12_Group_Team_Organized_Group_12_Group_Team_Organized_Group_12_795.jpg
620,2.0,12_Group_Group_12_Group_Group_12_361.jpg
621,0.0,12_Group_Large_Group_12_Group_Large_Group_12_768.jpg
622,18.0,12_Group_Team_Organized_Group_12_Group_Team_Organized_Group_12_214.jpg
623,1.0,12_Group_Group_12_Group_Group_12_589.jpg
624,46.0,12_Group_Group_12_Group_Group_12_506.jpg
625,14.0,12_Group_Large_Group_12_Group_Large_Group_12_98.jpg
626,12.0,12_Group_Group_12_Group_Group_12_168.jpg
627,0.0,12_Group_Team_Organized_Group_12_Group_Team_Organized_Group_12_858.jpg
628,3.0,12_Group_Group_12_Group_Group_12_54.jpg
629,4.0,12_Group_Group_12_Group_Group_12_91.jpg
630,2.0,12_Group_Group_12_Group_Group_12_692.jpg
631,2.0,12_Group_Team_Organized_Group_12_Group_Team_Organized_Group_12_348.jpg
632,3.0,12_Group_Large_Group_12_Group_Large_Group_12_770.jpg
633,0.0,12_Group_Group_12_Group_Group_12_258.jpg
634,12.0,12_Group_Team_Organized_Group_12_Group_Team_Organized_Group_12_785.jpg
635,13.0,12_Group_Large_Group_12_Group_Large_Group_12_200.jpg
636,0.0,12_Group_Team_Organized_Group_12_Group_Team_Organized_Group_12_344.jpg
637,0.0,12_Group_Team_Organized_Group_12_Group_Team_Organized_Group_12_199.jpg
638,1.0,12_Group_Large_Group_12_Group_Large_Group_12_841.jpg
639,4.0,12_Group_Large_Group_12_Group_Large_Group_12_339.jpg
640,26.0,12_Group_Large_Group_12_Group_Large_Group_12_93.jpg
641,6.0,12_Group_Large_Group_12_Group_Large_Group_12_340.jpg
642,0.0,12_Group_Large_Group_12_Group_Large_Group_12_180.jpg
643,2.0,12_Group_Group_12_Group_Group_12_1042.jpg
644,14.0,12_Group_Large_Group_12_Group_Large_Group_12_124.jpg
645,0.0,12_Group_Large_Group_12_Group_Large_Group_12_398.jpg
646,1.0,12_Group_Team_Organized_Group_12_Group_Team_Organized_Group_12_622.jpg
647,2.0,12_Group_Team_Organized_Group_12_Group_Team_Organized_Group_12_266.jpg
648,2.0,12_Group_Large_Group_12_Group_Large_Group_12_503.jpg
649,3.0,12_Group_Team_Organized_Group_12_Group_Team_Organized_Group_12_282.jpg
650,17.0,12_Group_Team_Organized_Group_12_Group_Team_Organized_Group_12_43.jpg
651,6.0,12_Group_Group_12_Group_Group_12_195.jpg
652,46.0,12_Group_Large_Group_12_Group_Large_Group_12_178.jpg
653,2.0,12_Group_Group_12_Group_Group_12_828.jpg
654,4.0,12_Group_Group_12_Group_Group_12_523.jpg
655,39.0,12_Group_Large_Group_12_Group_Large_Group_12_137.jpg
656,3.0,12_Group_Large_Group_12_Group_Large_Group_12_754.jpg
657,16.0,12_Group_Team_Organized_Group_12_Group_Team_Organized_Group_12_592.jpg
658,5.0,12_Group_Team_Organized_Group_12_Group_Team_Organized_Group_12_386.jpg
659,6.0,12_Group_Group_12_Group_Group_12_576.jpg
660,4.0,12_Group_Group_12_Group_Group_12_456.jpg
661,0.0,12_Group_Large_Group_12_Group_Large_Group_12_482.jpg
662,6.0,12_Group_Team_Organized_Group_12_Group_Team_Organized_Group_12_477.jpg
663,23.0,12_Group_Large_Group_12_Group_Large_Group_12_44.jpg
664,0.0,12_Group_Team_Organized_Group_12_Group_Team_Organized_Group_12_1039.jpg
665,1.0,12_Group_Team_Organized_Group_12_Group_Team_Organized_Group_12_701.jpg
666,2.0,12_Group_Group_12_Group_Group_12_923.jpg
667,1.0,12_Group_Team_Organized_Group_12_Group_Team_Organized_Group_12_556.jpg
668,10.0,12_Group_Group_12_Group_Group_12_288.jpg
669,0.0,12_Group_Team_Organized_Group_12_Group_Team_Organized_Group_12_59.jpg
670,0.0,12_Group_Large_Group_12_Group_Large_Group_12_667.jpg
671,4.0,12_Group_Large_Group_12_Group_Large_Group_12_435.jpg
672,12.0,12_Group_Team_Organized_Group_12_Group_Team_Organized_Group_12_280.jpg
673,0.0,12_Group_Large_Group_12_Group_Large_Group_12_627.jpg
674,39.0,12_Group_Group_12_Group_Group_12_609.jpg
675,1.0,12_Group_Large_Group_12_Group_Large_Group_12_311.jpg
676,1.0,12_Group_Team_Organized_Group_12_Group_Team_Organized_Group_12_46.jpg
677,5.0,12_Group_Group_12_Group_Group_12_330.jpg
678,29.0,12_Group_Group_12_Group_Group_12_44.jpg
679,8.0,12_Group_Group_12_Group_Group_12_45.jpg
680,5.0,12_Group_Group_12_Group_Group_12_870.jpg
681,6.0,12_Group_Team_Organized_Group_12_Group_Team_Organized_Group_12_709.jpg
682,1.0,12_Group_Team_Organized_Group_12_Group_Team_Organized_Group_12_558.jpg
683,24.0,12_Group_Group_12_Group_Group_12_921.jpg
684,9.0,12_Group_Group_12_Group_Group_12_180.jpg
685,8.0,12_Group_Team_Organized_Group_12_Group_Team_Organized_Group_12_486.jpg
686,11.0,12_Group_Group_12_Group_Group_12_452.jpg
687,0.0,12_Group_Team_Organized_Group_12_Group_Team_Organized_Group_12_765.jpg
688,1.0,12_Group_Group_12_Group_Group_12_663.jpg
689,4.0,12_Group_Large_Group_12_Group_Large_Group_12_179.jpg
690,2.0,12_Group_Team_Organized_Group_12_Group_Team_Organized_Group_12_429.jpg
691,0.0,12_Group_Group_12_Group_Group_12_747.jpg
692,16.0,12_Group_Group_12_Group_Group_12_17.jpg
693,4.0,12_Group_Team_Organized_Group_12_Group_Team_Organized_Group_12_523.jpg
694,13.0,12_Group_Large_Group_12_Group_Large_Group_12_158.jpg
695,4.0,12_Group_Large_Group_12_Group_Large_Group_12_887.jpg
696,1.0,12_Group_Team_Organized_Group_12_Group_Team_Organized_Group_12_20.jpg
697,7.0,12_Group_Large_Group_12_Group_Large_Group_12_89.jpg
698,0.0,12_Group_Team_Organized_Group_12_Group_Team_Organized_Group_12_408.jpg
699,2.0,12_Group_Team_Organized_Group_12_Group_Team_Organized_Group_12_737.jpg
700,8.0,12_Group_Large_Group_12_Group_Large_Group_12_173.jpg
701,4.0,12_Group_Group_12_Group_Group_12_15.jpg
702,0.0,12_Group_Team_Organized_Group_12_Group_Team_Organized_Group_12_175.jpg
703,10.0,12_Group_Group_12_Group_Group_12_172.jpg
704,5.0,12_Group_Team_Organized_Group_12_Group_Team_Organized_Group_12_3.jpg
705,29.0,12_Group_Team_Organized_Group_12_Group_Team_Organized_Group_12_605.jpg
706,0.0,12_Group_Large_Group_12_Group_Large_Group_12_198.jpg
707,3.0,12_Group_Group_12_Group_Group_12_106.jpg
708,6.0,12_Group_Team_Organized_Group_12_Group_Team_Organized_Group_12_190.jpg
709,3.0,12_Group_Team_Organized_Group_12_Group_Team_Organized_Group_12_924.jpg
710,74.0,12_Group_Group_12_Group_Group_12_201.jpg
711,5.0,12_Group_Team_Organized_Group_12_Group_Team_Organized_Group_12_770.jpg
712,22.0,12_Group_Large_Group_12_Group_Large_Group_12_363.jpg
713,1.0,12_Group_Large_Group_12_Group_Large_Group_12_30.jpg
714,0.0,12_Group_Team_Organized_Group_12_Group_Team_Organized_Group_12_594.jpg
715,1.0,12_Group_Team_Organized_Group_12_Group_Team_Organized_Group_12_824.jpg
716,28.0,12_Group_Team_Organized_Group_12_Group_Team_Organized_Group_12_14.jpg
717,11.0,12_Group_Group_12_Group_Group_12_541.jpg
718,11.0,12_Group_Team_Organized_Group_12_Group_Team_Organized_Group_12_451.jpg
719,4.0,12_Group_Group_12_Group_Group_12_334.jpg
720,25.0,12_Group_Large_Group_12_Group_Large_Group_12_241.jpg
721,1.0,12_Group_Large_Group_12_Group_Large_Group_12_838.jpg
722,5.0,12_Group_Group_12_Group_Group_12_844.jpg
723,40.0,12_Group_Large_Group_12_Group_Large_Group_12_142.jpg
724,1.0,12_Group_Team_Organized_Group_12_Group_Team_Organized_Group_12_585.jpg
725,8.0,12_Group_Large_Group_12_Group_Large_Group_12_148.jpg
726,13.0,12_Group_Team_Organized_Group_12_Group_Team_Organized_Group_12_914.jpg
727,2.0,12_Group_Team_Organized_Group_12_Group_Team_Organized_Group_12_464.jpg
